Year,Area,AQI,Rainfall_mm
2014,Hunasamaranahalli,50.0,120.0
2014,Koramangala,50.0,120.0
2014,Sahakaranagara,50.0,120.0
2014,Hebbal,50.0,120.0
2014,Anekal,50.0,120.0
2014,Anekal,50.0,120.0
2014,Nagavara,50.0,120.0
2014,Malleswaram,50.0,120.0
2014,Icchanguru,50.0,120.0
2014,Shinganayakanahalli,50.0,120.0
2014,Austin Town,50.0,120.0
2014,Vijaya Nagar,50.0,120.0
2014,Mahalakshmi Layout,50.0,120.0
2014,Chikkapete,50.0,120.0
2014,Jayanagar,50.0,120.0
2014,Shinganayakanahalli,50.0,120.0
2014,Nagasandra,50.0,120.0
2014,Marenahalli,50.0,120.0
2014,Chikkapete,50.0,120.0
2014,Banashankari,50.0,120.0
2014,Banaswadi,50.0,120.0
2014,Marenahalli,50.0,120.0
2014,Vasanth Nagar,50.0,120.0
2014,Chikkapete,50.0,120.0
2014,Chikkapete,50.0,120.0
2014,Gandhinagar,50.0,120.0
2014,Chikkapete,50.0,120.0
2014,Richmond Town,50.0,120.0
2014,Vasanth Nagar,50.0,120.0
2014,Bannerughatta,50.0,120.0
2014,Vijaya Nagar,50.0,120.0
2014,Basavanagudi,50.0,120.0
2014,Chikkapete,50.0,120.0
2014,Basaveshwaranagar,50.0,120.0
2014,Mahalakshmi Layout,50.0,120.0
2014,Haralur,50.0,120.0
2014,Frazer Town,50.0,120.0
2014,Anekal,50.0,120.0
2014,Bettahalasuru,50.0,120.0
2014,Rajajinagar,50.0,120.0
2014,Byyappanahalli,50.0,120.0
2014,Icchanguru,50.0,120.0
2014,Byyappanahalli,50.0,120.0
2014,Vasanth Nagar,50.0,120.0
2014,Vijaya Nagar,50.0,120.0
2014,C V Raman Nagar,50.0,120.0
2014,Richmond Town,50.0,120.0
2014,Shinganayakanahalli,50.0,120.0
2014,Chikkapete,50.0,120.0
2014,Chamarajapete,50.0,120.0
2014,Chamarajapete,50.0,120.0
2014,Vijaya Nagar,50.0,120.0
2014,Chikkapete,50.0,120.0
2014,Vidyaranyapura,50.0,120.0
2014,Bettahalasuru,50.0,120.0
2014,Uttarahalli,50.0,120.0
2014,Puradhapalya,50.0,120.0
2014,Puradhapalya,50.0,120.0
2014,Vasanth Nagar,50.0,120.0
2014,Vijaya Nagar,50.0,120.0
2014,Hosamanegalu,50.0,120.0
2014,Nagavara,50.0,120.0
2014,Krishnarajapuram,50.0,120.0
2014,Marenahalli,50.0,120.0
2014,Bettahalasuru,50.0,120.0
2014,Badamanavarthekaval,50.0,120.0
2014,Marathahalli,50.0,120.0
2014,Sarjapura,50.0,120.0
2014,Ramamurthy Nagar,50.0,120.0
2014,Vasanth Nagar,50.0,120.0
2014,Electronic City,50.0,120.0
2014,Frazer Town,50.0,120.0
2014,Sriramapuram,50.0,120.0
2014,Banashankari,50.0,120.0
2014,Yeswanthpur,50.0,120.0
2014,Vijaya Nagar,50.0,120.0
2014,Vijaya Nagar,50.0,120.0
2014,Jalahalli,50.0,120.0
2014,Gunjur,50.0,120.0
2014,Jalahalli,50.0,120.0
2014,Hebbal,50.0,120.0
2014,Halasuru,50.0,120.0
2014,Shivajinagar,50.0,120.0
2014,HSR Layout,50.0,120.0
2014,Vijaya Nagar,50.0,120.0
2014,Sarjapura,50.0,120.0
2014,Anekal,50.0,120.0
2014,Hebbal,50.0,120.0
2014,Anekal,50.0,120.0
2014,Vasanth Nagar,50.0,120.0
2014,Hoodi,50.0,120.0
2014,Banaswadi,50.0,120.0
2014,Banashankari,50.0,120.0
2014,Anekal,50.0,120.0
2014,Halasuru,50.0,120.0
2014,Bettahalasuru,50.0,120.0
2014,RMV 2nd Stage,50.0,120.0
2014,Whitefield,50.0,120.0
2014,Anekal,50.0,120.0
2014,Indiranagar,50.0,120.0
2014,Indiranagar,50.0,120.0
2014,Rajajinagar,50.0,120.0
2014,Banashankari,50.0,120.0
2014,RT Nagar,50.0,120.0
2014,Shinganayakanahalli,50.0,120.0
2014,Jalahalli,50.0,120.0
2014,Jalahalli,50.0,120.0
2014,Banaswadi,50.0,120.0
2014,Jayanagar,50.0,120.0
2014,Jayanagar,50.0,120.0
2014,Basavanagudi,50.0,120.0
2014,Jayanagar,50.0,120.0
2014,Frazer Town,50.0,120.0
2014,Whitefield,50.0,120.0
2014,Anekal,50.0,120.0
2014,Basaveshwaranagar,50.0,120.0
2014,Gandhinagar,50.0,120.0
2014,Malleswaram,50.0,120.0
2014,Lingarajapuram,50.0,120.0
2014,Puradhapalya,50.0,120.0
2014,Hosamanegalu,50.0,120.0
2014,Hosamanegalu,50.0,120.0
2014,Banaswadi,50.0,120.0
2014,Basaveshwaranagar,50.0,120.0
2014,Hosamanegalu,50.0,120.0
2014,Marenahalli,50.0,120.0
2014,Mahalakshmi Layout,50.0,120.0
2014,Banashankari,50.0,120.0
2014,Rajarajeshwari Nagar,50.0,120.0
2014,Koramangala,50.0,120.0
2014,Shinganayakanahalli,50.0,120.0
2014,Sahakaranagara,50.0,120.0
2014,Badamanavarthekaval,50.0,120.0
2014,Koramangala,50.0,120.0
2014,Koramangala,50.0,120.0
2014,Koramangala,50.0,120.0
2014,Kyalasanahalli,50.0,120.0
2014,Krishnarajapuram,50.0,120.0
2014,Ramamurthy Nagar,50.0,120.0
2014,Sarjapura,50.0,120.0
2014,Chikkelluru Ramapura,50.0,120.0
2014,Marathahalli,50.0,120.0
2014,Basavanagudi,50.0,120.0
2014,Vasanth Nagar,50.0,120.0
2014,Lingarajapuram,50.0,120.0
2014,Mathikere,50.0,120.0
2014,Jayanagar,50.0,120.0
2014,Kempapura Agrahara,50.0,120.0
2014,Hoodi,50.0,120.0
2014,Mahalakshmi Layout,50.0,120.0
2014,Vasanth Nagar,50.0,120.0
2014,Baiyyappanahalli,50.0,120.0
2014,Malleswaram,50.0,120.0
2014,Malleswaram,50.0,120.0
2014,Baiyyappanahalli,50.0,120.0
2014,Marathahalli,50.0,120.0
2014,Anekal,50.0,120.0
2014,Baiyyappanahalli,50.0,120.0
2014,Mathikere,50.0,120.0
2014,Basavanagudi,50.0,120.0
2014,Icchanguru,50.0,120.0
2014,Byyappanahalli,50.0,120.0
2014,Hosamanegalu,50.0,120.0
2014,Malleswaram,50.0,120.0
2014,Mathikere,50.0,120.0
2014,Byyappanahalli,50.0,120.0
2014,Richmond Town,50.0,120.0
2014,Narayanagatta,50.0,120.0
2014,Gunjur,50.0,120.0
2014,Hosamanegalu,50.0,120.0
2014,Nagarabhavi,50.0,120.0
2014,Nagasandra,50.0,120.0
2014,Nagavara,50.0,120.0
2014,Mahalakshmi Layout,50.0,120.0
2014,Chikkapete,50.0,120.0
2014,Vasanth Nagar,50.0,120.0
2014,Rajarajeshwari Nagar,50.0,120.0
2014,Icchanguru,50.0,120.0
2014,Chikkapete,50.0,120.0
2014,Sriramapuram,50.0,120.0
2014,RT Nagar,50.0,120.0
2014,Jayanagar,50.0,120.0
2014,Malleswaram,50.0,120.0
2014,Gunjur,50.0,120.0
2014,Basavanagudi,50.0,120.0
2014,RT Nagar,50.0,120.0
2014,RMV 2nd Stage,50.0,120.0
2014,Rajajinagar,50.0,120.0
2014,Rajajinagar,50.0,120.0
2014,Rajajinagar,50.0,120.0
2014,Shinganayakanahalli,50.0,120.0
2014,Rajarajeshwari Nagar,50.0,120.0
2014,Vasanth Nagar,50.0,120.0
2014,Sriramapuram,50.0,120.0
2014,Whitefield,50.0,120.0
2014,Nagavara,50.0,120.0
2014,Ramamurthy Nagar,50.0,120.0
2014,Marathahalli,50.0,120.0
2014,Richmond Town,50.0,120.0
2014,Kengeri,50.0,120.0
2014,Sadashivanagar,50.0,120.0
2014,Sahakaranagara,50.0,120.0
2014,Anekal,50.0,120.0
2014,Hosamanegalu,50.0,120.0
2014,Sarjapura,50.0,120.0
2014,Sadashivanagar,50.0,120.0
2014,Malleswaram,50.0,120.0
2014,Basavanagudi,50.0,120.0
2014,Anekal,50.0,120.0
2014,Shinganayakanahalli,50.0,120.0
2014,Halasuru,50.0,120.0
2014,Halasuru,50.0,120.0
2014,Chikkapete,50.0,120.0
2014,Sriramapuram,50.0,120.0
2014,Koramangala,50.0,120.0
2014,Lingarajapuram,50.0,120.0
2014,Gandhinagar,50.0,120.0
2014,Uttarahalli,50.0,120.0
2014,Malleswaram,50.0,120.0
2014,Bettahalasuru,50.0,120.0
2014,Puradhapalya,50.0,120.0
2014,Byyappanahalli,50.0,120.0
2014,Anekal,50.0,120.0
2014,Jayanagar,50.0,120.0
2014,RT Nagar,50.0,120.0
2014,Anekal,50.0,120.0
2014,Gunjur,50.0,120.0
2014,Vasanth Nagar,50.0,120.0
2014,Malleswaram,50.0,120.0
2014,Nagavara,50.0,120.0
2014,Vasanth Nagar,50.0,120.0
2014,Bettahalasuru,50.0,120.0
2014,Vidyaranyapura,50.0,120.0
2014,Vijaya Nagar,50.0,120.0
2014,Vijaya Nagar,50.0,120.0
2014,Byyappanahalli,50.0,120.0
2014,Basavanagudi,50.0,120.0
2014,Herohalli,50.0,120.0
2014,Chamarajapete,50.0,120.0
2014,Austin Town,50.0,120.0
2014,Malleswaram,50.0,120.0
2014,Shinganayakanahalli,50.0,120.0
2014,Whitefield,50.0,120.0
2014,Icchanguru,50.0,120.0
2014,Jayanagar,50.0,120.0
2014,Shinganayakanahalli,50.0,120.0
2014,Shinganayakanahalli,50.0,120.0
2014,Marathahalli,50.0,120.0
2014,Yeswanthpur,50.0,120.0
2014,Yeswanthpur,50.0,120.0
2015,Hunasamaranahalli,52.0,130.0
2015,Koramangala,52.0,130.0
2015,Sahakaranagara,52.0,130.0
2015,Hebbal,52.0,130.0
2015,Anekal,52.0,130.0
2015,Anekal,52.0,130.0
2015,Nagavara,52.0,130.0
2015,Malleswaram,52.0,130.0
2015,Icchanguru,52.0,130.0
2015,Shinganayakanahalli,52.0,130.0
2015,Austin Town,52.0,130.0
2015,Vijaya Nagar,52.0,130.0
2015,Mahalakshmi Layout,52.0,130.0
2015,Chikkapete,52.0,130.0
2015,Jayanagar,52.0,130.0
2015,Shinganayakanahalli,52.0,130.0
2015,Nagasandra,52.0,130.0
2015,Marenahalli,52.0,130.0
2015,Chikkapete,52.0,130.0
2015,Banashankari,52.0,130.0
2015,Banaswadi,52.0,130.0
2015,Marenahalli,52.0,130.0
2015,Vasanth Nagar,52.0,130.0
2015,Chikkapete,52.0,130.0
2015,Chikkapete,52.0,130.0
2015,Gandhinagar,52.0,130.0
2015,Chikkapete,52.0,130.0
2015,Richmond Town,52.0,130.0
2015,Vasanth Nagar,52.0,130.0
2015,Bannerughatta,52.0,130.0
2015,Vijaya Nagar,52.0,130.0
2015,Basavanagudi,52.0,130.0
2015,Chikkapete,52.0,130.0
2015,Basaveshwaranagar,52.0,130.0
2015,Mahalakshmi Layout,52.0,130.0
2015,Haralur,52.0,130.0
2015,Frazer Town,52.0,130.0
2015,Anekal,52.0,130.0
2015,Bettahalasuru,52.0,130.0
2015,Rajajinagar,52.0,130.0
2015,Byyappanahalli,52.0,130.0
2015,Icchanguru,52.0,130.0
2015,Byyappanahalli,52.0,130.0
2015,Vasanth Nagar,52.0,130.0
2015,Vijaya Nagar,52.0,130.0
2015,C V Raman Nagar,52.0,130.0
2015,Richmond Town,52.0,130.0
2015,Shinganayakanahalli,52.0,130.0
2015,Chikkapete,52.0,130.0
2015,Chamarajapete,52.0,130.0
2015,Chamarajapete,52.0,130.0
2015,Vijaya Nagar,52.0,130.0
2015,Chikkapete,52.0,130.0
2015,Vidyaranyapura,52.0,130.0
2015,Bettahalasuru,52.0,130.0
2015,Uttarahalli,52.0,130.0
2015,Puradhapalya,52.0,130.0
2015,Puradhapalya,52.0,130.0
2015,Vasanth Nagar,52.0,130.0
2015,Vijaya Nagar,52.0,130.0
2015,Hosamanegalu,52.0,130.0
2015,Nagavara,52.0,130.0
2015,Krishnarajapuram,52.0,130.0
2015,Marenahalli,52.0,130.0
2015,Bettahalasuru,52.0,130.0
2015,Badamanavarthekaval,52.0,130.0
2015,Marathahalli,52.0,130.0
2015,Sarjapura,52.0,130.0
2015,Ramamurthy Nagar,52.0,130.0
2015,Vasanth Nagar,52.0,130.0
2015,Electronic City,52.0,130.0
2015,Frazer Town,52.0,130.0
2015,Sriramapuram,52.0,130.0
2015,Banashankari,52.0,130.0
2015,Yeswanthpur,52.0,130.0
2015,Vijaya Nagar,52.0,130.0
2015,Vijaya Nagar,52.0,130.0
2015,Jalahalli,52.0,130.0
2015,Gunjur,52.0,130.0
2015,Jalahalli,52.0,130.0
2015,Hebbal,52.0,130.0
2015,Halasuru,52.0,130.0
2015,Shivajinagar,52.0,130.0
2015,HSR Layout,52.0,130.0
2015,Vijaya Nagar,52.0,130.0
2015,Sarjapura,52.0,130.0
2015,Anekal,52.0,130.0
2015,Hebbal,52.0,130.0
2015,Anekal,52.0,130.0
2015,Vasanth Nagar,52.0,130.0
2015,Hoodi,52.0,130.0
2015,Banaswadi,52.0,130.0
2015,Banashankari,52.0,130.0
2015,Anekal,52.0,130.0
2015,Halasuru,52.0,130.0
2015,Bettahalasuru,52.0,130.0
2015,RMV 2nd Stage,52.0,130.0
2015,Whitefield,52.0,130.0
2015,Anekal,52.0,130.0
2015,Indiranagar,52.0,130.0
2015,Indiranagar,52.0,130.0
2015,Rajajinagar,52.0,130.0
2015,Banashankari,52.0,130.0
2015,RT Nagar,52.0,130.0
2015,Shinganayakanahalli,52.0,130.0
2015,Jalahalli,52.0,130.0
2015,Jalahalli,52.0,130.0
2015,Banaswadi,52.0,130.0
2015,Jayanagar,52.0,130.0
2015,Jayanagar,52.0,130.0
2015,Basavanagudi,52.0,130.0
2015,Jayanagar,52.0,130.0
2015,Frazer Town,52.0,130.0
2015,Whitefield,52.0,130.0
2015,Anekal,52.0,130.0
2015,Basaveshwaranagar,52.0,130.0
2015,Gandhinagar,52.0,130.0
2015,Malleswaram,52.0,130.0
2015,Lingarajapuram,52.0,130.0
2015,Puradhapalya,52.0,130.0
2015,Hosamanegalu,52.0,130.0
2015,Hosamanegalu,52.0,130.0
2015,Banaswadi,52.0,130.0
2015,Basaveshwaranagar,52.0,130.0
2015,Hosamanegalu,52.0,130.0
2015,Marenahalli,52.0,130.0
2015,Mahalakshmi Layout,52.0,130.0
2015,Banashankari,52.0,130.0
2015,Rajarajeshwari Nagar,52.0,130.0
2015,Koramangala,52.0,130.0
2015,Shinganayakanahalli,52.0,130.0
2015,Sahakaranagara,52.0,130.0
2015,Badamanavarthekaval,52.0,130.0
2015,Koramangala,52.0,130.0
2015,Koramangala,52.0,130.0
2015,Koramangala,52.0,130.0
2015,Kyalasanahalli,52.0,130.0
2015,Krishnarajapuram,52.0,130.0
2015,Ramamurthy Nagar,52.0,130.0
2015,Sarjapura,52.0,130.0
2015,Chikkelluru Ramapura,52.0,130.0
2015,Marathahalli,52.0,130.0
2015,Basavanagudi,52.0,130.0
2015,Vasanth Nagar,52.0,130.0
2015,Lingarajapuram,52.0,130.0
2015,Mathikere,52.0,130.0
2015,Jayanagar,52.0,130.0
2015,Kempapura Agrahara,52.0,130.0
2015,Hoodi,52.0,130.0
2015,Mahalakshmi Layout,52.0,130.0
2015,Vasanth Nagar,52.0,130.0
2015,Baiyyappanahalli,52.0,130.0
2015,Malleswaram,52.0,130.0
2015,Malleswaram,52.0,130.0
2015,Baiyyappanahalli,52.0,130.0
2015,Marathahalli,52.0,130.0
2015,Anekal,52.0,130.0
2015,Baiyyappanahalli,52.0,130.0
2015,Mathikere,52.0,130.0
2015,Basavanagudi,52.0,130.0
2015,Icchanguru,52.0,130.0
2015,Byyappanahalli,52.0,130.0
2015,Hosamanegalu,52.0,130.0
2015,Malleswaram,52.0,130.0
2015,Mathikere,52.0,130.0
2015,Byyappanahalli,52.0,130.0
2015,Richmond Town,52.0,130.0
2015,Narayanagatta,52.0,130.0
2015,Gunjur,52.0,130.0
2015,Hosamanegalu,52.0,130.0
2015,Nagarabhavi,52.0,130.0
2015,Nagasandra,52.0,130.0
2015,Nagavara,52.0,130.0
2015,Mahalakshmi Layout,52.0,130.0
2015,Chikkapete,52.0,130.0
2015,Vasanth Nagar,52.0,130.0
2015,Rajarajeshwari Nagar,52.0,130.0
2015,Icchanguru,52.0,130.0
2015,Chikkapete,52.0,130.0
2015,Sriramapuram,52.0,130.0
2015,RT Nagar,52.0,130.0
2015,Jayanagar,52.0,130.0
2015,Malleswaram,52.0,130.0
2015,Gunjur,52.0,130.0
2015,Basavanagudi,52.0,130.0
2015,RT Nagar,52.0,130.0
2015,RMV 2nd Stage,52.0,130.0
2015,Rajajinagar,52.0,130.0
2015,Rajajinagar,52.0,130.0
2015,Rajajinagar,52.0,130.0
2015,Shinganayakanahalli,52.0,130.0
2015,Rajarajeshwari Nagar,52.0,130.0
2015,Vasanth Nagar,52.0,130.0
2015,Sriramapuram,52.0,130.0
2015,Whitefield,52.0,130.0
2015,Nagavara,52.0,130.0
2015,Ramamurthy Nagar,52.0,130.0
2015,Marathahalli,52.0,130.0
2015,Richmond Town,52.0,130.0
2015,Kengeri,52.0,130.0
2015,Sadashivanagar,52.0,130.0
2015,Sahakaranagara,52.0,130.0
2015,Anekal,52.0,130.0
2015,Hosamanegalu,52.0,130.0
2015,Sarjapura,52.0,130.0
2015,Sadashivanagar,52.0,130.0
2015,Malleswaram,52.0,130.0
2015,Basavanagudi,52.0,130.0
2015,Anekal,52.0,130.0
2015,Shinganayakanahalli,52.0,130.0
2015,Halasuru,52.0,130.0
2015,Halasuru,52.0,130.0
2015,Chikkapete,52.0,130.0
2015,Sriramapuram,52.0,130.0
2015,Koramangala,52.0,130.0
2015,Lingarajapuram,52.0,130.0
2015,Gandhinagar,52.0,130.0
2015,Uttarahalli,52.0,130.0
2015,Malleswaram,52.0,130.0
2015,Bettahalasuru,52.0,130.0
2015,Puradhapalya,52.0,130.0
2015,Byyappanahalli,52.0,130.0
2015,Anekal,52.0,130.0
2015,Jayanagar,52.0,130.0
2015,RT Nagar,52.0,130.0
2015,Anekal,52.0,130.0
2015,Gunjur,52.0,130.0
2015,Vasanth Nagar,52.0,130.0
2015,Malleswaram,52.0,130.0
2015,Nagavara,52.0,130.0
2015,Vasanth Nagar,52.0,130.0
2015,Bettahalasuru,52.0,130.0
2015,Vidyaranyapura,52.0,130.0
2015,Vijaya Nagar,52.0,130.0
2015,Vijaya Nagar,52.0,130.0
2015,Byyappanahalli,52.0,130.0
2015,Basavanagudi,52.0,130.0
2015,Herohalli,52.0,130.0
2015,Chamarajapete,52.0,130.0
2015,Austin Town,52.0,130.0
2015,Malleswaram,52.0,130.0
2015,Shinganayakanahalli,52.0,130.0
2015,Whitefield,52.0,130.0
2015,Icchanguru,52.0,130.0
2015,Jayanagar,52.0,130.0
2015,Shinganayakanahalli,52.0,130.0
2015,Shinganayakanahalli,52.0,130.0
2015,Marathahalli,52.0,130.0
2015,Yeswanthpur,52.0,130.0
2015,Yeswanthpur,52.0,130.0
2016,Hunasamaranahalli,55.0,140.0
2016,Koramangala,55.0,140.0
2016,Sahakaranagara,55.0,140.0
2016,Hebbal,55.0,140.0
2016,Anekal,55.0,140.0
2016,Anekal,55.0,140.0
2016,Nagavara,55.0,140.0
2016,Malleswaram,55.0,140.0
2016,Icchanguru,55.0,140.0
2016,Shinganayakanahalli,55.0,140.0
2016,Austin Town,55.0,140.0
2016,Vijaya Nagar,55.0,140.0
2016,Mahalakshmi Layout,55.0,140.0
2016,Chikkapete,55.0,140.0
2016,Jayanagar,55.0,140.0
2016,Shinganayakanahalli,55.0,140.0
2016,Nagasandra,55.0,140.0
2016,Marenahalli,55.0,140.0
2016,Chikkapete,55.0,140.0
2016,Banashankari,55.0,140.0
2016,Banaswadi,55.0,140.0
2016,Marenahalli,55.0,140.0
2016,Vasanth Nagar,55.0,140.0
2016,Chikkapete,55.0,140.0
2016,Chikkapete,55.0,140.0
2016,Gandhinagar,55.0,140.0
2016,Chikkapete,55.0,140.0
2016,Richmond Town,55.0,140.0
2016,Vasanth Nagar,55.0,140.0
2016,Bannerughatta,55.0,140.0
2016,Vijaya Nagar,55.0,140.0
2016,Basavanagudi,55.0,140.0
2016,Chikkapete,55.0,140.0
2016,Basaveshwaranagar,55.0,140.0
2016,Mahalakshmi Layout,55.0,140.0
2016,Haralur,55.0,140.0
2016,Frazer Town,55.0,140.0
2016,Anekal,55.0,140.0
2016,Bettahalasuru,55.0,140.0
2016,Rajajinagar,55.0,140.0
2016,Byyappanahalli,55.0,140.0
2016,Icchanguru,55.0,140.0
2016,Byyappanahalli,55.0,140.0
2016,Vasanth Nagar,55.0,140.0
2016,Vijaya Nagar,55.0,140.0
2016,C V Raman Nagar,55.0,140.0
2016,Richmond Town,55.0,140.0
2016,Shinganayakanahalli,55.0,140.0
2016,Chikkapete,55.0,140.0
2016,Chamarajapete,55.0,140.0
2016,Chamarajapete,55.0,140.0
2016,Vijaya Nagar,55.0,140.0
2016,Chikkapete,55.0,140.0
2016,Vidyaranyapura,55.0,140.0
2016,Bettahalasuru,55.0,140.0
2016,Uttarahalli,55.0,140.0
2016,Puradhapalya,55.0,140.0
2016,Puradhapalya,55.0,140.0
2016,Vasanth Nagar,55.0,140.0
2016,Vijaya Nagar,55.0,140.0
2016,Hosamanegalu,55.0,140.0
2016,Nagavara,55.0,140.0
2016,Krishnarajapuram,55.0,140.0
2016,Marenahalli,55.0,140.0
2016,Bettahalasuru,55.0,140.0
2016,Badamanavarthekaval,55.0,140.0
2016,Marathahalli,55.0,140.0
2016,Sarjapura,55.0,140.0
2016,Ramamurthy Nagar,55.0,140.0
2016,Vasanth Nagar,55.0,140.0
2016,Electronic City,55.0,140.0
2016,Frazer Town,55.0,140.0
2016,Sriramapuram,55.0,140.0
2016,Banashankari,55.0,140.0
2016,Yeswanthpur,55.0,140.0
2016,Vijaya Nagar,55.0,140.0
2016,Vijaya Nagar,55.0,140.0
2016,Jalahalli,55.0,140.0
2016,Gunjur,55.0,140.0
2016,Jalahalli,55.0,140.0
2016,Hebbal,55.0,140.0
2016,Halasuru,55.0,140.0
2016,Shivajinagar,55.0,140.0
2016,HSR Layout,55.0,140.0
2016,Vijaya Nagar,55.0,140.0
2016,Sarjapura,55.0,140.0
2016,Anekal,55.0,140.0
2016,Hebbal,55.0,140.0
2016,Anekal,55.0,140.0
2016,Vasanth Nagar,55.0,140.0
2016,Hoodi,55.0,140.0
2016,Banaswadi,55.0,140.0
2016,Banashankari,55.0,140.0
2016,Anekal,55.0,140.0
2016,Halasuru,55.0,140.0
2016,Bettahalasuru,55.0,140.0
2016,RMV 2nd Stage,55.0,140.0
2016,Whitefield,55.0,140.0
2016,Anekal,55.0,140.0
2016,Indiranagar,55.0,140.0
2016,Indiranagar,55.0,140.0
2016,Rajajinagar,55.0,140.0
2016,Banashankari,55.0,140.0
2016,RT Nagar,55.0,140.0
2016,Shinganayakanahalli,55.0,140.0
2016,Jalahalli,55.0,140.0
2016,Jalahalli,55.0,140.0
2016,Banaswadi,55.0,140.0
2016,Jayanagar,55.0,140.0
2016,Jayanagar,55.0,140.0
2016,Basavanagudi,55.0,140.0
2016,Jayanagar,55.0,140.0
2016,Frazer Town,55.0,140.0
2016,Whitefield,55.0,140.0
2016,Anekal,55.0,140.0
2016,Basaveshwaranagar,55.0,140.0
2016,Gandhinagar,55.0,140.0
2016,Malleswaram,55.0,140.0
2016,Lingarajapuram,55.0,140.0
2016,Puradhapalya,55.0,140.0
2016,Hosamanegalu,55.0,140.0
2016,Hosamanegalu,55.0,140.0
2016,Banaswadi,55.0,140.0
2016,Basaveshwaranagar,55.0,140.0
2016,Hosamanegalu,55.0,140.0
2016,Marenahalli,55.0,140.0
2016,Mahalakshmi Layout,55.0,140.0
2016,Banashankari,55.0,140.0
2016,Rajarajeshwari Nagar,55.0,140.0
2016,Koramangala,55.0,140.0
2016,Shinganayakanahalli,55.0,140.0
2016,Sahakaranagara,55.0,140.0
2016,Badamanavarthekaval,55.0,140.0
2016,Koramangala,55.0,140.0
2016,Koramangala,55.0,140.0
2016,Koramangala,55.0,140.0
2016,Kyalasanahalli,55.0,140.0
2016,Krishnarajapuram,55.0,140.0
2016,Ramamurthy Nagar,55.0,140.0
2016,Sarjapura,55.0,140.0
2016,Chikkelluru Ramapura,55.0,140.0
2016,Marathahalli,55.0,140.0
2016,Basavanagudi,55.0,140.0
2016,Vasanth Nagar,55.0,140.0
2016,Lingarajapuram,55.0,140.0
2016,Mathikere,55.0,140.0
2016,Jayanagar,55.0,140.0
2016,Kempapura Agrahara,55.0,140.0
2016,Hoodi,55.0,140.0
2016,Mahalakshmi Layout,55.0,140.0
2016,Vasanth Nagar,55.0,140.0
2016,Baiyyappanahalli,55.0,140.0
2016,Malleswaram,55.0,140.0
2016,Malleswaram,55.0,140.0
2016,Baiyyappanahalli,55.0,140.0
2016,Marathahalli,55.0,140.0
2016,Anekal,55.0,140.0
2016,Baiyyappanahalli,55.0,140.0
2016,Mathikere,55.0,140.0
2016,Basavanagudi,55.0,140.0
2016,Icchanguru,55.0,140.0
2016,Byyappanahalli,55.0,140.0
2016,Hosamanegalu,55.0,140.0
2016,Malleswaram,55.0,140.0
2016,Mathikere,55.0,140.0
2016,Byyappanahalli,55.0,140.0
2016,Richmond Town,55.0,140.0
2016,Narayanagatta,55.0,140.0
2016,Gunjur,55.0,140.0
2016,Hosamanegalu,55.0,140.0
2016,Nagarabhavi,55.0,140.0
2016,Nagasandra,55.0,140.0
2016,Nagavara,55.0,140.0
2016,Mahalakshmi Layout,55.0,140.0
2016,Chikkapete,55.0,140.0
2016,Vasanth Nagar,55.0,140.0
2016,Rajarajeshwari Nagar,55.0,140.0
2016,Icchanguru,55.0,140.0
2016,Chikkapete,55.0,140.0
2016,Sriramapuram,55.0,140.0
2016,RT Nagar,55.0,140.0
2016,Jayanagar,55.0,140.0
2016,Malleswaram,55.0,140.0
2016,Gunjur,55.0,140.0
2016,Basavanagudi,55.0,140.0
2016,RT Nagar,55.0,140.0
2016,RMV 2nd Stage,55.0,140.0
2016,Rajajinagar,55.0,140.0
2016,Rajajinagar,55.0,140.0
2016,Rajajinagar,55.0,140.0
2016,Shinganayakanahalli,55.0,140.0
2016,Rajarajeshwari Nagar,55.0,140.0
2016,Vasanth Nagar,55.0,140.0
2016,Sriramapuram,55.0,140.0
2016,Whitefield,55.0,140.0
2016,Nagavara,55.0,140.0
2016,Ramamurthy Nagar,55.0,140.0
2016,Marathahalli,55.0,140.0
2016,Richmond Town,55.0,140.0
2016,Kengeri,55.0,140.0
2016,Sadashivanagar,55.0,140.0
2016,Sahakaranagara,55.0,140.0
2016,Anekal,55.0,140.0
2016,Hosamanegalu,55.0,140.0
2016,Sarjapura,55.0,140.0
2016,Sadashivanagar,55.0,140.0
2016,Malleswaram,55.0,140.0
2016,Basavanagudi,55.0,140.0
2016,Anekal,55.0,140.0
2016,Shinganayakanahalli,55.0,140.0
2016,Halasuru,55.0,140.0
2016,Halasuru,55.0,140.0
2016,Chikkapete,55.0,140.0
2016,Sriramapuram,55.0,140.0
2016,Koramangala,55.0,140.0
2016,Lingarajapuram,55.0,140.0
2016,Gandhinagar,55.0,140.0
2016,Uttarahalli,55.0,140.0
2016,Malleswaram,55.0,140.0
2016,Bettahalasuru,55.0,140.0
2016,Puradhapalya,55.0,140.0
2016,Byyappanahalli,55.0,140.0
2016,Anekal,55.0,140.0
2016,Jayanagar,55.0,140.0
2016,RT Nagar,55.0,140.0
2016,Anekal,55.0,140.0
2016,Gunjur,55.0,140.0
2016,Vasanth Nagar,55.0,140.0
2016,Malleswaram,55.0,140.0
2016,Nagavara,55.0,140.0
2016,Vasanth Nagar,55.0,140.0
2016,Bettahalasuru,55.0,140.0
2016,Vidyaranyapura,55.0,140.0
2016,Vijaya Nagar,55.0,140.0
2016,Vijaya Nagar,55.0,140.0
2016,Byyappanahalli,55.0,140.0
2016,Basavanagudi,55.0,140.0
2016,Herohalli,55.0,140.0
2016,Chamarajapete,55.0,140.0
2016,Austin Town,55.0,140.0
2016,Malleswaram,55.0,140.0
2016,Shinganayakanahalli,55.0,140.0
2016,Whitefield,55.0,140.0
2016,Icchanguru,55.0,140.0
2016,Jayanagar,55.0,140.0
2016,Shinganayakanahalli,55.0,140.0
2016,Shinganayakanahalli,55.0,140.0
2016,Marathahalli,55.0,140.0
2016,Yeswanthpur,55.0,140.0
2016,Yeswanthpur,55.0,140.0
2017,Hunasamaranahalli,57.0,135.0
2017,Koramangala,57.0,135.0
2017,Sahakaranagara,57.0,135.0
2017,Hebbal,57.0,135.0
2017,Anekal,57.0,135.0
2017,Anekal,57.0,135.0
2017,Nagavara,57.0,135.0
2017,Malleswaram,57.0,135.0
2017,Icchanguru,57.0,135.0
2017,Shinganayakanahalli,57.0,135.0
2017,Austin Town,57.0,135.0
2017,Vijaya Nagar,57.0,135.0
2017,Mahalakshmi Layout,57.0,135.0
2017,Chikkapete,57.0,135.0
2017,Jayanagar,57.0,135.0
2017,Shinganayakanahalli,57.0,135.0
2017,Nagasandra,57.0,135.0
2017,Marenahalli,57.0,135.0
2017,Chikkapete,57.0,135.0
2017,Banashankari,57.0,135.0
2017,Banaswadi,57.0,135.0
2017,Marenahalli,57.0,135.0
2017,Vasanth Nagar,57.0,135.0
2017,Chikkapete,57.0,135.0
2017,Chikkapete,57.0,135.0
2017,Gandhinagar,57.0,135.0
2017,Chikkapete,57.0,135.0
2017,Richmond Town,57.0,135.0
2017,Vasanth Nagar,57.0,135.0
2017,Bannerughatta,57.0,135.0
2017,Vijaya Nagar,57.0,135.0
2017,Basavanagudi,57.0,135.0
2017,Chikkapete,57.0,135.0
2017,Basaveshwaranagar,57.0,135.0
2017,Mahalakshmi Layout,57.0,135.0
2017,Haralur,57.0,135.0
2017,Frazer Town,57.0,135.0
2017,Anekal,57.0,135.0
2017,Bettahalasuru,57.0,135.0
2017,Rajajinagar,57.0,135.0
2017,Byyappanahalli,57.0,135.0
2017,Icchanguru,57.0,135.0
2017,Byyappanahalli,57.0,135.0
2017,Vasanth Nagar,57.0,135.0
2017,Vijaya Nagar,57.0,135.0
2017,C V Raman Nagar,57.0,135.0
2017,Richmond Town,57.0,135.0
2017,Shinganayakanahalli,57.0,135.0
2017,Chikkapete,57.0,135.0
2017,Chamarajapete,57.0,135.0
2017,Chamarajapete,57.0,135.0
2017,Vijaya Nagar,57.0,135.0
2017,Chikkapete,57.0,135.0
2017,Vidyaranyapura,57.0,135.0
2017,Bettahalasuru,57.0,135.0
2017,Uttarahalli,57.0,135.0
2017,Puradhapalya,57.0,135.0
2017,Puradhapalya,57.0,135.0
2017,Vasanth Nagar,57.0,135.0
2017,Vijaya Nagar,57.0,135.0
2017,Hosamanegalu,57.0,135.0
2017,Nagavara,57.0,135.0
2017,Krishnarajapuram,57.0,135.0
2017,Marenahalli,57.0,135.0
2017,Bettahalasuru,57.0,135.0
2017,Badamanavarthekaval,57.0,135.0
2017,Marathahalli,57.0,135.0
2017,Sarjapura,57.0,135.0
2017,Ramamurthy Nagar,57.0,135.0
2017,Vasanth Nagar,57.0,135.0
2017,Electronic City,57.0,135.0
2017,Frazer Town,57.0,135.0
2017,Sriramapuram,57.0,135.0
2017,Banashankari,57.0,135.0
2017,Yeswanthpur,57.0,135.0
2017,Vijaya Nagar,57.0,135.0
2017,Vijaya Nagar,57.0,135.0
2017,Jalahalli,57.0,135.0
2017,Gunjur,57.0,135.0
2017,Jalahalli,57.0,135.0
2017,Hebbal,57.0,135.0
2017,Halasuru,57.0,135.0
2017,Shivajinagar,57.0,135.0
2017,HSR Layout,57.0,135.0
2017,Vijaya Nagar,57.0,135.0
2017,Sarjapura,57.0,135.0
2017,Anekal,57.0,135.0
2017,Hebbal,57.0,135.0
2017,Anekal,57.0,135.0
2017,Vasanth Nagar,57.0,135.0
2017,Hoodi,57.0,135.0
2017,Banaswadi,57.0,135.0
2017,Banashankari,57.0,135.0
2017,Anekal,57.0,135.0
2017,Halasuru,57.0,135.0
2017,Bettahalasuru,57.0,135.0
2017,RMV 2nd Stage,57.0,135.0
2017,Whitefield,57.0,135.0
2017,Anekal,57.0,135.0
2017,Indiranagar,57.0,135.0
2017,Indiranagar,57.0,135.0
2017,Rajajinagar,57.0,135.0
2017,Banashankari,57.0,135.0
2017,RT Nagar,57.0,135.0
2017,Shinganayakanahalli,57.0,135.0
2017,Jalahalli,57.0,135.0
2017,Jalahalli,57.0,135.0
2017,Banaswadi,57.0,135.0
2017,Jayanagar,57.0,135.0
2017,Jayanagar,57.0,135.0
2017,Basavanagudi,57.0,135.0
2017,Jayanagar,57.0,135.0
2017,Frazer Town,57.0,135.0
2017,Whitefield,57.0,135.0
2017,Anekal,57.0,135.0
2017,Basaveshwaranagar,57.0,135.0
2017,Gandhinagar,57.0,135.0
2017,Malleswaram,57.0,135.0
2017,Lingarajapuram,57.0,135.0
2017,Puradhapalya,57.0,135.0
2017,Hosamanegalu,57.0,135.0
2017,Hosamanegalu,57.0,135.0
2017,Banaswadi,57.0,135.0
2017,Basaveshwaranagar,57.0,135.0
2017,Hosamanegalu,57.0,135.0
2017,Marenahalli,57.0,135.0
2017,Mahalakshmi Layout,57.0,135.0
2017,Banashankari,57.0,135.0
2017,Rajarajeshwari Nagar,57.0,135.0
2017,Koramangala,57.0,135.0
2017,Shinganayakanahalli,57.0,135.0
2017,Sahakaranagara,57.0,135.0
2017,Badamanavarthekaval,57.0,135.0
2017,Koramangala,57.0,135.0
2017,Koramangala,57.0,135.0
2017,Koramangala,57.0,135.0
2017,Kyalasanahalli,57.0,135.0
2017,Krishnarajapuram,57.0,135.0
2017,Ramamurthy Nagar,57.0,135.0
2017,Sarjapura,57.0,135.0
2017,Chikkelluru Ramapura,57.0,135.0
2017,Marathahalli,57.0,135.0
2017,Basavanagudi,57.0,135.0
2017,Vasanth Nagar,57.0,135.0
2017,Lingarajapuram,57.0,135.0
2017,Mathikere,57.0,135.0
2017,Jayanagar,57.0,135.0
2017,Kempapura Agrahara,57.0,135.0
2017,Hoodi,57.0,135.0
2017,Mahalakshmi Layout,57.0,135.0
2017,Vasanth Nagar,57.0,135.0
2017,Baiyyappanahalli,57.0,135.0
2017,Malleswaram,57.0,135.0
2017,Malleswaram,57.0,135.0
2017,Baiyyappanahalli,57.0,135.0
2017,Marathahalli,57.0,135.0
2017,Anekal,57.0,135.0
2017,Baiyyappanahalli,57.0,135.0
2017,Mathikere,57.0,135.0
2017,Basavanagudi,57.0,135.0
2017,Icchanguru,57.0,135.0
2017,Byyappanahalli,57.0,135.0
2017,Hosamanegalu,57.0,135.0
2017,Malleswaram,57.0,135.0
2017,Mathikere,57.0,135.0
2017,Byyappanahalli,57.0,135.0
2017,Richmond Town,57.0,135.0
2017,Narayanagatta,57.0,135.0
2017,Gunjur,57.0,135.0
2017,Hosamanegalu,57.0,135.0
2017,Nagarabhavi,57.0,135.0
2017,Nagasandra,57.0,135.0
2017,Nagavara,57.0,135.0
2017,Mahalakshmi Layout,57.0,135.0
2017,Chikkapete,57.0,135.0
2017,Vasanth Nagar,57.0,135.0
2017,Rajarajeshwari Nagar,57.0,135.0
2017,Icchanguru,57.0,135.0
2017,Chikkapete,57.0,135.0
2017,Sriramapuram,57.0,135.0
2017,RT Nagar,57.0,135.0
2017,Jayanagar,57.0,135.0
2017,Malleswaram,57.0,135.0
2017,Gunjur,57.0,135.0
2017,Basavanagudi,57.0,135.0
2017,RT Nagar,57.0,135.0
2017,RMV 2nd Stage,57.0,135.0
2017,Rajajinagar,57.0,135.0
2017,Rajajinagar,57.0,135.0
2017,Rajajinagar,57.0,135.0
2017,Shinganayakanahalli,57.0,135.0
2017,Rajarajeshwari Nagar,57.0,135.0
2017,Vasanth Nagar,57.0,135.0
2017,Sriramapuram,57.0,135.0
2017,Whitefield,57.0,135.0
2017,Nagavara,57.0,135.0
2017,Ramamurthy Nagar,57.0,135.0
2017,Marathahalli,57.0,135.0
2017,Richmond Town,57.0,135.0
2017,Kengeri,57.0,135.0
2017,Sadashivanagar,57.0,135.0
2017,Sahakaranagara,57.0,135.0
2017,Anekal,57.0,135.0
2017,Hosamanegalu,57.0,135.0
2017,Sarjapura,57.0,135.0
2017,Sadashivanagar,57.0,135.0
2017,Malleswaram,57.0,135.0
2017,Basavanagudi,57.0,135.0
2017,Anekal,57.0,135.0
2017,Shinganayakanahalli,57.0,135.0
2017,Halasuru,57.0,135.0
2017,Halasuru,57.0,135.0
2017,Chikkapete,57.0,135.0
2017,Sriramapuram,57.0,135.0
2017,Koramangala,57.0,135.0
2017,Lingarajapuram,57.0,135.0
2017,Gandhinagar,57.0,135.0
2017,Uttarahalli,57.0,135.0
2017,Malleswaram,57.0,135.0
2017,Bettahalasuru,57.0,135.0
2017,Puradhapalya,57.0,135.0
2017,Byyappanahalli,57.0,135.0
2017,Anekal,57.0,135.0
2017,Jayanagar,57.0,135.0
2017,RT Nagar,57.0,135.0
2017,Anekal,57.0,135.0
2017,Gunjur,57.0,135.0
2017,Vasanth Nagar,57.0,135.0
2017,Malleswaram,57.0,135.0
2017,Nagavara,57.0,135.0
2017,Vasanth Nagar,57.0,135.0
2017,Bettahalasuru,57.0,135.0
2017,Vidyaranyapura,57.0,135.0
2017,Vijaya Nagar,57.0,135.0
2017,Vijaya Nagar,57.0,135.0
2017,Byyappanahalli,57.0,135.0
2017,Basavanagudi,57.0,135.0
2017,Herohalli,57.0,135.0
2017,Chamarajapete,57.0,135.0
2017,Austin Town,57.0,135.0
2017,Malleswaram,57.0,135.0
2017,Shinganayakanahalli,57.0,135.0
2017,Whitefield,57.0,135.0
2017,Icchanguru,57.0,135.0
2017,Jayanagar,57.0,135.0
2017,Shinganayakanahalli,57.0,135.0
2017,Shinganayakanahalli,57.0,135.0
2017,Marathahalli,57.0,135.0
2017,Yeswanthpur,57.0,135.0
2017,Yeswanthpur,57.0,135.0
2018,Hunasamaranahalli,60.0,150.0
2018,Koramangala,60.0,150.0
2018,Sahakaranagara,60.0,150.0
2018,Hebbal,60.0,150.0
2018,Anekal,60.0,150.0
2018,Anekal,60.0,150.0
2018,Nagavara,60.0,150.0
2018,Malleswaram,60.0,150.0
2018,Icchanguru,60.0,150.0
2018,Shinganayakanahalli,60.0,150.0
2018,Austin Town,60.0,150.0
2018,Vijaya Nagar,60.0,150.0
2018,Mahalakshmi Layout,60.0,150.0
2018,Chikkapete,60.0,150.0
2018,Jayanagar,60.0,150.0
2018,Shinganayakanahalli,60.0,150.0
2018,Nagasandra,60.0,150.0
2018,Marenahalli,60.0,150.0
2018,Chikkapete,60.0,150.0
2018,Banashankari,60.0,150.0
2018,Banaswadi,60.0,150.0
2018,Marenahalli,60.0,150.0
2018,Vasanth Nagar,60.0,150.0
2018,Chikkapete,60.0,150.0
2018,Chikkapete,60.0,150.0
2018,Gandhinagar,60.0,150.0
2018,Chikkapete,60.0,150.0
2018,Richmond Town,60.0,150.0
2018,Vasanth Nagar,60.0,150.0
2018,Bannerughatta,60.0,150.0
2018,Vijaya Nagar,60.0,150.0
2018,Basavanagudi,60.0,150.0
2018,Chikkapete,60.0,150.0
2018,Basaveshwaranagar,60.0,150.0
2018,Mahalakshmi Layout,60.0,150.0
2018,Haralur,60.0,150.0
2018,Frazer Town,60.0,150.0
2018,Anekal,60.0,150.0
2018,Bettahalasuru,60.0,150.0
2018,Rajajinagar,60.0,150.0
2018,Byyappanahalli,60.0,150.0
2018,Icchanguru,60.0,150.0
2018,Byyappanahalli,60.0,150.0
2018,Vasanth Nagar,60.0,150.0
2018,Vijaya Nagar,60.0,150.0
2018,C V Raman Nagar,60.0,150.0
2018,Richmond Town,60.0,150.0
2018,Shinganayakanahalli,60.0,150.0
2018,Chikkapete,60.0,150.0
2018,Chamarajapete,60.0,150.0
2018,Chamarajapete,60.0,150.0
2018,Vijaya Nagar,60.0,150.0
2018,Chikkapete,60.0,150.0
2018,Vidyaranyapura,60.0,150.0
2018,Bettahalasuru,60.0,150.0
2018,Uttarahalli,60.0,150.0
2018,Puradhapalya,60.0,150.0
2018,Puradhapalya,60.0,150.0
2018,Vasanth Nagar,60.0,150.0
2018,Vijaya Nagar,60.0,150.0
2018,Hosamanegalu,60.0,150.0
2018,Nagavara,60.0,150.0
2018,Krishnarajapuram,60.0,150.0
2018,Marenahalli,60.0,150.0
2018,Bettahalasuru,60.0,150.0
2018,Badamanavarthekaval,60.0,150.0
2018,Marathahalli,60.0,150.0
2018,Sarjapura,60.0,150.0
2018,Ramamurthy Nagar,60.0,150.0
2018,Vasanth Nagar,60.0,150.0
2018,Electronic City,60.0,150.0
2018,Frazer Town,60.0,150.0
2018,Sriramapuram,60.0,150.0
2018,Banashankari,60.0,150.0
2018,Yeswanthpur,60.0,150.0
2018,Vijaya Nagar,60.0,150.0
2018,Vijaya Nagar,60.0,150.0
2018,Jalahalli,60.0,150.0
2018,Gunjur,60.0,150.0
2018,Jalahalli,60.0,150.0
2018,Hebbal,60.0,150.0
2018,Halasuru,60.0,150.0
2018,Shivajinagar,60.0,150.0
2018,HSR Layout,60.0,150.0
2018,Vijaya Nagar,60.0,150.0
2018,Sarjapura,60.0,150.0
2018,Anekal,60.0,150.0
2018,Hebbal,60.0,150.0
2018,Anekal,60.0,150.0
2018,Vasanth Nagar,60.0,150.0
2018,Hoodi,60.0,150.0
2018,Banaswadi,60.0,150.0
2018,Banashankari,60.0,150.0
2018,Anekal,60.0,150.0
2018,Halasuru,60.0,150.0
2018,Bettahalasuru,60.0,150.0
2018,RMV 2nd Stage,60.0,150.0
2018,Whitefield,60.0,150.0
2018,Anekal,60.0,150.0
2018,Indiranagar,60.0,150.0
2018,Indiranagar,60.0,150.0
2018,Rajajinagar,60.0,150.0
2018,Banashankari,60.0,150.0
2018,RT Nagar,60.0,150.0
2018,Shinganayakanahalli,60.0,150.0
2018,Jalahalli,60.0,150.0
2018,Jalahalli,60.0,150.0
2018,Banaswadi,60.0,150.0
2018,Jayanagar,60.0,150.0
2018,Jayanagar,60.0,150.0
2018,Basavanagudi,60.0,150.0
2018,Jayanagar,60.0,150.0
2018,Frazer Town,60.0,150.0
2018,Whitefield,60.0,150.0
2018,Anekal,60.0,150.0
2018,Basaveshwaranagar,60.0,150.0
2018,Gandhinagar,60.0,150.0
2018,Malleswaram,60.0,150.0
2018,Lingarajapuram,60.0,150.0
2018,Puradhapalya,60.0,150.0
2018,Hosamanegalu,60.0,150.0
2018,Hosamanegalu,60.0,150.0
2018,Banaswadi,60.0,150.0
2018,Basaveshwaranagar,60.0,150.0
2018,Hosamanegalu,60.0,150.0
2018,Marenahalli,60.0,150.0
2018,Mahalakshmi Layout,60.0,150.0
2018,Banashankari,60.0,150.0
2018,Rajarajeshwari Nagar,60.0,150.0
2018,Koramangala,60.0,150.0
2018,Shinganayakanahalli,60.0,150.0
2018,Sahakaranagara,60.0,150.0
2018,Badamanavarthekaval,60.0,150.0
2018,Koramangala,60.0,150.0
2018,Koramangala,60.0,150.0
2018,Koramangala,60.0,150.0
2018,Kyalasanahalli,60.0,150.0
2018,Krishnarajapuram,60.0,150.0
2018,Ramamurthy Nagar,60.0,150.0
2018,Sarjapura,60.0,150.0
2018,Chikkelluru Ramapura,60.0,150.0
2018,Marathahalli,60.0,150.0
2018,Basavanagudi,60.0,150.0
2018,Vasanth Nagar,60.0,150.0
2018,Lingarajapuram,60.0,150.0
2018,Mathikere,60.0,150.0
2018,Jayanagar,60.0,150.0
2018,Kempapura Agrahara,60.0,150.0
2018,Hoodi,60.0,150.0
2018,Mahalakshmi Layout,60.0,150.0
2018,Vasanth Nagar,60.0,150.0
2018,Baiyyappanahalli,60.0,150.0
2018,Malleswaram,60.0,150.0
2018,Malleswaram,60.0,150.0
2018,Baiyyappanahalli,60.0,150.0
2018,Marathahalli,60.0,150.0
2018,Anekal,60.0,150.0
2018,Baiyyappanahalli,60.0,150.0
2018,Mathikere,60.0,150.0
2018,Basavanagudi,60.0,150.0
2018,Icchanguru,60.0,150.0
2018,Byyappanahalli,60.0,150.0
2018,Hosamanegalu,60.0,150.0
2018,Malleswaram,60.0,150.0
2018,Mathikere,60.0,150.0
2018,Byyappanahalli,60.0,150.0
2018,Richmond Town,60.0,150.0
2018,Narayanagatta,60.0,150.0
2018,Gunjur,60.0,150.0
2018,Hosamanegalu,60.0,150.0
2018,Nagarabhavi,60.0,150.0
2018,Nagasandra,60.0,150.0
2018,Nagavara,60.0,150.0
2018,Mahalakshmi Layout,60.0,150.0
2018,Chikkapete,60.0,150.0
2018,Vasanth Nagar,60.0,150.0
2018,Rajarajeshwari Nagar,60.0,150.0
2018,Icchanguru,60.0,150.0
2018,Chikkapete,60.0,150.0
2018,Sriramapuram,60.0,150.0
2018,RT Nagar,60.0,150.0
2018,Jayanagar,60.0,150.0
2018,Malleswaram,60.0,150.0
2018,Gunjur,60.0,150.0
2018,Basavanagudi,60.0,150.0
2018,RT Nagar,60.0,150.0
2018,RMV 2nd Stage,60.0,150.0
2018,Rajajinagar,60.0,150.0
2018,Rajajinagar,60.0,150.0
2018,Rajajinagar,60.0,150.0
2018,Shinganayakanahalli,60.0,150.0
2018,Rajarajeshwari Nagar,60.0,150.0
2018,Vasanth Nagar,60.0,150.0
2018,Sriramapuram,60.0,150.0
2018,Whitefield,60.0,150.0
2018,Nagavara,60.0,150.0
2018,Ramamurthy Nagar,60.0,150.0
2018,Marathahalli,60.0,150.0
2018,Richmond Town,60.0,150.0
2018,Kengeri,60.0,150.0
2018,Sadashivanagar,60.0,150.0
2018,Sahakaranagara,60.0,150.0
2018,Anekal,60.0,150.0
2018,Hosamanegalu,60.0,150.0
2018,Sarjapura,60.0,150.0
2018,Sadashivanagar,60.0,150.0
2018,Malleswaram,60.0,150.0
2018,Basavanagudi,60.0,150.0
2018,Anekal,60.0,150.0
2018,Shinganayakanahalli,60.0,150.0
2018,Halasuru,60.0,150.0
2018,Halasuru,60.0,150.0
2018,Chikkapete,60.0,150.0
2018,Sriramapuram,60.0,150.0
2018,Koramangala,60.0,150.0
2018,Lingarajapuram,60.0,150.0
2018,Gandhinagar,60.0,150.0
2018,Uttarahalli,60.0,150.0
2018,Malleswaram,60.0,150.0
2018,Bettahalasuru,60.0,150.0
2018,Puradhapalya,60.0,150.0
2018,Byyappanahalli,60.0,150.0
2018,Anekal,60.0,150.0
2018,Jayanagar,60.0,150.0
2018,RT Nagar,60.0,150.0
2018,Anekal,60.0,150.0
2018,Gunjur,60.0,150.0
2018,Vasanth Nagar,60.0,150.0
2018,Malleswaram,60.0,150.0
2018,Nagavara,60.0,150.0
2018,Vasanth Nagar,60.0,150.0
2018,Bettahalasuru,60.0,150.0
2018,Vidyaranyapura,60.0,150.0
2018,Vijaya Nagar,60.0,150.0
2018,Vijaya Nagar,60.0,150.0
2018,Byyappanahalli,60.0,150.0
2018,Basavanagudi,60.0,150.0
2018,Herohalli,60.0,150.0
2018,Chamarajapete,60.0,150.0
2018,Austin Town,60.0,150.0
2018,Malleswaram,60.0,150.0
2018,Shinganayakanahalli,60.0,150.0
2018,Whitefield,60.0,150.0
2018,Icchanguru,60.0,150.0
2018,Jayanagar,60.0,150.0
2018,Shinganayakanahalli,60.0,150.0
2018,Shinganayakanahalli,60.0,150.0
2018,Marathahalli,60.0,150.0
2018,Yeswanthpur,60.0,150.0
2018,Yeswanthpur,60.0,150.0
2019,Hunasamaranahalli,63.0,145.0
2019,Koramangala,63.0,145.0
2019,Sahakaranagara,63.0,145.0
2019,Hebbal,63.0,145.0
2019,Anekal,63.0,145.0
2019,Anekal,63.0,145.0
2019,Nagavara,63.0,145.0
2019,Malleswaram,63.0,145.0
2019,Icchanguru,63.0,145.0
2019,Shinganayakanahalli,63.0,145.0
2019,Austin Town,63.0,145.0
2019,Vijaya Nagar,63.0,145.0
2019,Mahalakshmi Layout,63.0,145.0
2019,Chikkapete,63.0,145.0
2019,Jayanagar,63.0,145.0
2019,Shinganayakanahalli,63.0,145.0
2019,Nagasandra,63.0,145.0
2019,Marenahalli,63.0,145.0
2019,Chikkapete,63.0,145.0
2019,Banashankari,63.0,145.0
2019,Banaswadi,63.0,145.0
2019,Marenahalli,63.0,145.0
2019,Vasanth Nagar,63.0,145.0
2019,Chikkapete,63.0,145.0
2019,Chikkapete,63.0,145.0
2019,Gandhinagar,63.0,145.0
2019,Chikkapete,63.0,145.0
2019,Richmond Town,63.0,145.0
2019,Vasanth Nagar,63.0,145.0
2019,Bannerughatta,63.0,145.0
2019,Vijaya Nagar,63.0,145.0
2019,Basavanagudi,63.0,145.0
2019,Chikkapete,63.0,145.0
2019,Basaveshwaranagar,63.0,145.0
2019,Mahalakshmi Layout,63.0,145.0
2019,Haralur,63.0,145.0
2019,Frazer Town,63.0,145.0
2019,Anekal,63.0,145.0
2019,Bettahalasuru,63.0,145.0
2019,Rajajinagar,63.0,145.0
2019,Byyappanahalli,63.0,145.0
2019,Icchanguru,63.0,145.0
2019,Byyappanahalli,63.0,145.0
2019,Vasanth Nagar,63.0,145.0
2019,Vijaya Nagar,63.0,145.0
2019,C V Raman Nagar,63.0,145.0
2019,Richmond Town,63.0,145.0
2019,Shinganayakanahalli,63.0,145.0
2019,Chikkapete,63.0,145.0
2019,Chamarajapete,63.0,145.0
2019,Chamarajapete,63.0,145.0
2019,Vijaya Nagar,63.0,145.0
2019,Chikkapete,63.0,145.0
2019,Vidyaranyapura,63.0,145.0
2019,Bettahalasuru,63.0,145.0
2019,Uttarahalli,63.0,145.0
2019,Puradhapalya,63.0,145.0
2019,Puradhapalya,63.0,145.0
2019,Vasanth Nagar,63.0,145.0
2019,Vijaya Nagar,63.0,145.0
2019,Hosamanegalu,63.0,145.0
2019,Nagavara,63.0,145.0
2019,Krishnarajapuram,63.0,145.0
2019,Marenahalli,63.0,145.0
2019,Bettahalasuru,63.0,145.0
2019,Badamanavarthekaval,63.0,145.0
2019,Marathahalli,63.0,145.0
2019,Sarjapura,63.0,145.0
2019,Ramamurthy Nagar,63.0,145.0
2019,Vasanth Nagar,63.0,145.0
2019,Electronic City,63.0,145.0
2019,Frazer Town,63.0,145.0
2019,Sriramapuram,63.0,145.0
2019,Banashankari,63.0,145.0
2019,Yeswanthpur,63.0,145.0
2019,Vijaya Nagar,63.0,145.0
2019,Vijaya Nagar,63.0,145.0
2019,Jalahalli,63.0,145.0
2019,Gunjur,63.0,145.0
2019,Jalahalli,63.0,145.0
2019,Hebbal,63.0,145.0
2019,Halasuru,63.0,145.0
2019,Shivajinagar,63.0,145.0
2019,HSR Layout,63.0,145.0
2019,Vijaya Nagar,63.0,145.0
2019,Sarjapura,63.0,145.0
2019,Anekal,63.0,145.0
2019,Hebbal,63.0,145.0
2019,Anekal,63.0,145.0
2019,Vasanth Nagar,63.0,145.0
2019,Hoodi,63.0,145.0
2019,Banaswadi,63.0,145.0
2019,Banashankari,63.0,145.0
2019,Anekal,63.0,145.0
2019,Halasuru,63.0,145.0
2019,Bettahalasuru,63.0,145.0
2019,RMV 2nd Stage,63.0,145.0
2019,Whitefield,63.0,145.0
2019,Anekal,63.0,145.0
2019,Indiranagar,63.0,145.0
2019,Indiranagar,63.0,145.0
2019,Rajajinagar,63.0,145.0
2019,Banashankari,63.0,145.0
2019,RT Nagar,63.0,145.0
2019,Shinganayakanahalli,63.0,145.0
2019,Jalahalli,63.0,145.0
2019,Jalahalli,63.0,145.0
2019,Banaswadi,63.0,145.0
2019,Jayanagar,63.0,145.0
2019,Jayanagar,63.0,145.0
2019,Basavanagudi,63.0,145.0
2019,Jayanagar,63.0,145.0
2019,Frazer Town,63.0,145.0
2019,Whitefield,63.0,145.0
2019,Anekal,63.0,145.0
2019,Basaveshwaranagar,63.0,145.0
2019,Gandhinagar,63.0,145.0
2019,Malleswaram,63.0,145.0
2019,Lingarajapuram,63.0,145.0
2019,Puradhapalya,63.0,145.0
2019,Hosamanegalu,63.0,145.0
2019,Hosamanegalu,63.0,145.0
2019,Banaswadi,63.0,145.0
2019,Basaveshwaranagar,63.0,145.0
2019,Hosamanegalu,63.0,145.0
2019,Marenahalli,63.0,145.0
2019,Mahalakshmi Layout,63.0,145.0
2019,Banashankari,63.0,145.0
2019,Rajarajeshwari Nagar,63.0,145.0
2019,Koramangala,63.0,145.0
2019,Shinganayakanahalli,63.0,145.0
2019,Sahakaranagara,63.0,145.0
2019,Badamanavarthekaval,63.0,145.0
2019,Koramangala,63.0,145.0
2019,Koramangala,63.0,145.0
2019,Koramangala,63.0,145.0
2019,Kyalasanahalli,63.0,145.0
2019,Krishnarajapuram,63.0,145.0
2019,Ramamurthy Nagar,63.0,145.0
2019,Sarjapura,63.0,145.0
2019,Chikkelluru Ramapura,63.0,145.0
2019,Marathahalli,63.0,145.0
2019,Basavanagudi,63.0,145.0
2019,Vasanth Nagar,63.0,145.0
2019,Lingarajapuram,63.0,145.0
2019,Mathikere,63.0,145.0
2019,Jayanagar,63.0,145.0
2019,Kempapura Agrahara,63.0,145.0
2019,Hoodi,63.0,145.0
2019,Mahalakshmi Layout,63.0,145.0
2019,Vasanth Nagar,63.0,145.0
2019,Baiyyappanahalli,63.0,145.0
2019,Malleswaram,63.0,145.0
2019,Malleswaram,63.0,145.0
2019,Baiyyappanahalli,63.0,145.0
2019,Marathahalli,63.0,145.0
2019,Anekal,63.0,145.0
2019,Baiyyappanahalli,63.0,145.0
2019,Mathikere,63.0,145.0
2019,Basavanagudi,63.0,145.0
2019,Icchanguru,63.0,145.0
2019,Byyappanahalli,63.0,145.0
2019,Hosamanegalu,63.0,145.0
2019,Malleswaram,63.0,145.0
2019,Mathikere,63.0,145.0
2019,Byyappanahalli,63.0,145.0
2019,Richmond Town,63.0,145.0
2019,Narayanagatta,63.0,145.0
2019,Gunjur,63.0,145.0
2019,Hosamanegalu,63.0,145.0
2019,Nagarabhavi,63.0,145.0
2019,Nagasandra,63.0,145.0
2019,Nagavara,63.0,145.0
2019,Mahalakshmi Layout,63.0,145.0
2019,Chikkapete,63.0,145.0
2019,Vasanth Nagar,63.0,145.0
2019,Rajarajeshwari Nagar,63.0,145.0
2019,Icchanguru,63.0,145.0
2019,Chikkapete,63.0,145.0
2019,Sriramapuram,63.0,145.0
2019,RT Nagar,63.0,145.0
2019,Jayanagar,63.0,145.0
2019,Malleswaram,63.0,145.0
2019,Gunjur,63.0,145.0
2019,Basavanagudi,63.0,145.0
2019,RT Nagar,63.0,145.0
2019,RMV 2nd Stage,63.0,145.0
2019,Rajajinagar,63.0,145.0
2019,Rajajinagar,63.0,145.0
2019,Rajajinagar,63.0,145.0
2019,Shinganayakanahalli,63.0,145.0
2019,Rajarajeshwari Nagar,63.0,145.0
2019,Vasanth Nagar,63.0,145.0
2019,Sriramapuram,63.0,145.0
2019,Whitefield,63.0,145.0
2019,Nagavara,63.0,145.0
2019,Ramamurthy Nagar,63.0,145.0
2019,Marathahalli,63.0,145.0
2019,Richmond Town,63.0,145.0
2019,Kengeri,63.0,145.0
2019,Sadashivanagar,63.0,145.0
2019,Sahakaranagara,63.0,145.0
2019,Anekal,63.0,145.0
2019,Hosamanegalu,63.0,145.0
2019,Sarjapura,63.0,145.0
2019,Sadashivanagar,63.0,145.0
2019,Malleswaram,63.0,145.0
2019,Basavanagudi,63.0,145.0
2019,Anekal,63.0,145.0
2019,Shinganayakanahalli,63.0,145.0
2019,Halasuru,63.0,145.0
2019,Halasuru,63.0,145.0
2019,Chikkapete,63.0,145.0
2019,Sriramapuram,63.0,145.0
2019,Koramangala,63.0,145.0
2019,Lingarajapuram,63.0,145.0
2019,Gandhinagar,63.0,145.0
2019,Uttarahalli,63.0,145.0
2019,Malleswaram,63.0,145.0
2019,Bettahalasuru,63.0,145.0
2019,Puradhapalya,63.0,145.0
2019,Byyappanahalli,63.0,145.0
2019,Anekal,63.0,145.0
2019,Jayanagar,63.0,145.0
2019,RT Nagar,63.0,145.0
2019,Anekal,63.0,145.0
2019,Gunjur,63.0,145.0
2019,Vasanth Nagar,63.0,145.0
2019,Malleswaram,63.0,145.0
2019,Nagavara,63.0,145.0
2019,Vasanth Nagar,63.0,145.0
2019,Bettahalasuru,63.0,145.0
2019,Vidyaranyapura,63.0,145.0
2019,Vijaya Nagar,63.0,145.0
2019,Vijaya Nagar,63.0,145.0
2019,Byyappanahalli,63.0,145.0
2019,Basavanagudi,63.0,145.0
2019,Herohalli,63.0,145.0
2019,Chamarajapete,63.0,145.0
2019,Austin Town,63.0,145.0
2019,Malleswaram,63.0,145.0
2019,Shinganayakanahalli,63.0,145.0
2019,Whitefield,63.0,145.0
2019,Icchanguru,63.0,145.0
2019,Jayanagar,63.0,145.0
2019,Shinganayakanahalli,63.0,145.0
2019,Shinganayakanahalli,63.0,145.0
2019,Marathahalli,63.0,145.0
2019,Yeswanthpur,63.0,145.0
2019,Yeswanthpur,63.0,145.0
2020,Hunasamaranahalli,45.0,160.0
2020,Koramangala,45.0,160.0
2020,Sahakaranagara,45.0,160.0
2020,Hebbal,45.0,160.0
2020,Anekal,45.0,160.0
2020,Anekal,45.0,160.0
2020,Nagavara,45.0,160.0
2020,Malleswaram,45.0,160.0
2020,Icchanguru,45.0,160.0
2020,Shinganayakanahalli,45.0,160.0
2020,Austin Town,45.0,160.0
2020,Vijaya Nagar,45.0,160.0
2020,Mahalakshmi Layout,45.0,160.0
2020,Chikkapete,45.0,160.0
2020,Jayanagar,45.0,160.0
2020,Shinganayakanahalli,45.0,160.0
2020,Nagasandra,45.0,160.0
2020,Marenahalli,45.0,160.0
2020,Chikkapete,45.0,160.0
2020,Banashankari,45.0,160.0
2020,Banaswadi,45.0,160.0
2020,Marenahalli,45.0,160.0
2020,Vasanth Nagar,45.0,160.0
2020,Chikkapete,45.0,160.0
2020,Chikkapete,45.0,160.0
2020,Gandhinagar,45.0,160.0
2020,Chikkapete,45.0,160.0
2020,Richmond Town,45.0,160.0
2020,Vasanth Nagar,45.0,160.0
2020,Bannerughatta,45.0,160.0
2020,Vijaya Nagar,45.0,160.0
2020,Basavanagudi,45.0,160.0
2020,Chikkapete,45.0,160.0
2020,Basaveshwaranagar,45.0,160.0
2020,Mahalakshmi Layout,45.0,160.0
2020,Haralur,45.0,160.0
2020,Frazer Town,45.0,160.0
2020,Anekal,45.0,160.0
2020,Bettahalasuru,45.0,160.0
2020,Rajajinagar,45.0,160.0
2020,Byyappanahalli,45.0,160.0
2020,Icchanguru,45.0,160.0
2020,Byyappanahalli,45.0,160.0
2020,Vasanth Nagar,45.0,160.0
2020,Vijaya Nagar,45.0,160.0
2020,C V Raman Nagar,45.0,160.0
2020,Richmond Town,45.0,160.0
2020,Shinganayakanahalli,45.0,160.0
2020,Chikkapete,45.0,160.0
2020,Chamarajapete,45.0,160.0
2020,Chamarajapete,45.0,160.0
2020,Vijaya Nagar,45.0,160.0
2020,Chikkapete,45.0,160.0
2020,Vidyaranyapura,45.0,160.0
2020,Bettahalasuru,45.0,160.0
2020,Uttarahalli,45.0,160.0
2020,Puradhapalya,45.0,160.0
2020,Puradhapalya,45.0,160.0
2020,Vasanth Nagar,45.0,160.0
2020,Vijaya Nagar,45.0,160.0
2020,Hosamanegalu,45.0,160.0
2020,Nagavara,45.0,160.0
2020,Krishnarajapuram,45.0,160.0
2020,Marenahalli,45.0,160.0
2020,Bettahalasuru,45.0,160.0
2020,Badamanavarthekaval,45.0,160.0
2020,Marathahalli,45.0,160.0
2020,Sarjapura,45.0,160.0
2020,Ramamurthy Nagar,45.0,160.0
2020,Vasanth Nagar,45.0,160.0
2020,Electronic City,45.0,160.0
2020,Frazer Town,45.0,160.0
2020,Sriramapuram,45.0,160.0
2020,Banashankari,45.0,160.0
2020,Yeswanthpur,45.0,160.0
2020,Vijaya Nagar,45.0,160.0
2020,Vijaya Nagar,45.0,160.0
2020,Jalahalli,45.0,160.0
2020,Gunjur,45.0,160.0
2020,Jalahalli,45.0,160.0
2020,Hebbal,45.0,160.0
2020,Halasuru,45.0,160.0
2020,Shivajinagar,45.0,160.0
2020,HSR Layout,45.0,160.0
2020,Vijaya Nagar,45.0,160.0
2020,Sarjapura,45.0,160.0
2020,Anekal,45.0,160.0
2020,Hebbal,45.0,160.0
2020,Anekal,45.0,160.0
2020,Vasanth Nagar,45.0,160.0
2020,Hoodi,45.0,160.0
2020,Banaswadi,45.0,160.0
2020,Banashankari,45.0,160.0
2020,Anekal,45.0,160.0
2020,Halasuru,45.0,160.0
2020,Bettahalasuru,45.0,160.0
2020,RMV 2nd Stage,45.0,160.0
2020,Whitefield,45.0,160.0
2020,Anekal,45.0,160.0
2020,Indiranagar,45.0,160.0
2020,Indiranagar,45.0,160.0
2020,Rajajinagar,45.0,160.0
2020,Banashankari,45.0,160.0
2020,RT Nagar,45.0,160.0
2020,Shinganayakanahalli,45.0,160.0
2020,Jalahalli,45.0,160.0
2020,Jalahalli,45.0,160.0
2020,Banaswadi,45.0,160.0
2020,Jayanagar,45.0,160.0
2020,Jayanagar,45.0,160.0
2020,Basavanagudi,45.0,160.0
2020,Jayanagar,45.0,160.0
2020,Frazer Town,45.0,160.0
2020,Whitefield,45.0,160.0
2020,Anekal,45.0,160.0
2020,Basaveshwaranagar,45.0,160.0
2020,Gandhinagar,45.0,160.0
2020,Malleswaram,45.0,160.0
2020,Lingarajapuram,45.0,160.0
2020,Puradhapalya,45.0,160.0
2020,Hosamanegalu,45.0,160.0
2020,Hosamanegalu,45.0,160.0
2020,Banaswadi,45.0,160.0
2020,Basaveshwaranagar,45.0,160.0
2020,Hosamanegalu,45.0,160.0
2020,Marenahalli,45.0,160.0
2020,Mahalakshmi Layout,45.0,160.0
2020,Banashankari,45.0,160.0
2020,Rajarajeshwari Nagar,45.0,160.0
2020,Koramangala,45.0,160.0
2020,Shinganayakanahalli,45.0,160.0
2020,Sahakaranagara,45.0,160.0
2020,Badamanavarthekaval,45.0,160.0
2020,Koramangala,45.0,160.0
2020,Koramangala,45.0,160.0
2020,Koramangala,45.0,160.0
2020,Kyalasanahalli,45.0,160.0
2020,Krishnarajapuram,45.0,160.0
2020,Ramamurthy Nagar,45.0,160.0
2020,Sarjapura,45.0,160.0
2020,Chikkelluru Ramapura,45.0,160.0
2020,Marathahalli,45.0,160.0
2020,Basavanagudi,45.0,160.0
2020,Vasanth Nagar,45.0,160.0
2020,Lingarajapuram,45.0,160.0
2020,Mathikere,45.0,160.0
2020,Jayanagar,45.0,160.0
2020,Kempapura Agrahara,45.0,160.0
2020,Hoodi,45.0,160.0
2020,Mahalakshmi Layout,45.0,160.0
2020,Vasanth Nagar,45.0,160.0
2020,Baiyyappanahalli,45.0,160.0
2020,Malleswaram,45.0,160.0
2020,Malleswaram,45.0,160.0
2020,Baiyyappanahalli,45.0,160.0
2020,Marathahalli,45.0,160.0
2020,Anekal,45.0,160.0
2020,Baiyyappanahalli,45.0,160.0
2020,Mathikere,45.0,160.0
2020,Basavanagudi,45.0,160.0
2020,Icchanguru,45.0,160.0
2020,Byyappanahalli,45.0,160.0
2020,Hosamanegalu,45.0,160.0
2020,Malleswaram,45.0,160.0
2020,Mathikere,45.0,160.0
2020,Byyappanahalli,45.0,160.0
2020,Richmond Town,45.0,160.0
2020,Narayanagatta,45.0,160.0
2020,Gunjur,45.0,160.0
2020,Hosamanegalu,45.0,160.0
2020,Nagarabhavi,45.0,160.0
2020,Nagasandra,45.0,160.0
2020,Nagavara,45.0,160.0
2020,Mahalakshmi Layout,45.0,160.0
2020,Chikkapete,45.0,160.0
2020,Vasanth Nagar,45.0,160.0
2020,Rajarajeshwari Nagar,45.0,160.0
2020,Icchanguru,45.0,160.0
2020,Chikkapete,45.0,160.0
2020,Sriramapuram,45.0,160.0
2020,RT Nagar,45.0,160.0
2020,Jayanagar,45.0,160.0
2020,Malleswaram,45.0,160.0
2020,Gunjur,45.0,160.0
2020,Basavanagudi,45.0,160.0
2020,RT Nagar,45.0,160.0
2020,RMV 2nd Stage,45.0,160.0
2020,Rajajinagar,45.0,160.0
2020,Rajajinagar,45.0,160.0
2020,Rajajinagar,45.0,160.0
2020,Shinganayakanahalli,45.0,160.0
2020,Rajarajeshwari Nagar,45.0,160.0
2020,Vasanth Nagar,45.0,160.0
2020,Sriramapuram,45.0,160.0
2020,Whitefield,45.0,160.0
2020,Nagavara,45.0,160.0
2020,Ramamurthy Nagar,45.0,160.0
2020,Marathahalli,45.0,160.0
2020,Richmond Town,45.0,160.0
2020,Kengeri,45.0,160.0
2020,Sadashivanagar,45.0,160.0
2020,Sahakaranagara,45.0,160.0
2020,Anekal,45.0,160.0
2020,Hosamanegalu,45.0,160.0
2020,Sarjapura,45.0,160.0
2020,Sadashivanagar,45.0,160.0
2020,Malleswaram,45.0,160.0
2020,Basavanagudi,45.0,160.0
2020,Anekal,45.0,160.0
2020,Shinganayakanahalli,45.0,160.0
2020,Halasuru,45.0,160.0
2020,Halasuru,45.0,160.0
2020,Chikkapete,45.0,160.0
2020,Sriramapuram,45.0,160.0
2020,Koramangala,45.0,160.0
2020,Lingarajapuram,45.0,160.0
2020,Gandhinagar,45.0,160.0
2020,Uttarahalli,45.0,160.0
2020,Malleswaram,45.0,160.0
2020,Bettahalasuru,45.0,160.0
2020,Puradhapalya,45.0,160.0
2020,Byyappanahalli,45.0,160.0
2020,Anekal,45.0,160.0
2020,Jayanagar,45.0,160.0
2020,RT Nagar,45.0,160.0
2020,Anekal,45.0,160.0
2020,Gunjur,45.0,160.0
2020,Vasanth Nagar,45.0,160.0
2020,Malleswaram,45.0,160.0
2020,Nagavara,45.0,160.0
2020,Vasanth Nagar,45.0,160.0
2020,Bettahalasuru,45.0,160.0
2020,Vidyaranyapura,45.0,160.0
2020,Vijaya Nagar,45.0,160.0
2020,Vijaya Nagar,45.0,160.0
2020,Byyappanahalli,45.0,160.0
2020,Basavanagudi,45.0,160.0
2020,Herohalli,45.0,160.0
2020,Chamarajapete,45.0,160.0
2020,Austin Town,45.0,160.0
2020,Malleswaram,45.0,160.0
2020,Shinganayakanahalli,45.0,160.0
2020,Whitefield,45.0,160.0
2020,Icchanguru,45.0,160.0
2020,Jayanagar,45.0,160.0
2020,Shinganayakanahalli,45.0,160.0
2020,Shinganayakanahalli,45.0,160.0
2020,Marathahalli,45.0,160.0
2020,Yeswanthpur,45.0,160.0
2020,Yeswanthpur,45.0,160.0
2021,Hunasamaranahalli,58.0,138.0
2021,Koramangala,58.0,138.0
2021,Sahakaranagara,58.0,138.0
2021,Hebbal,58.0,138.0
2021,Anekal,58.0,138.0
2021,Anekal,58.0,138.0
2021,Nagavara,58.0,138.0
2021,Malleswaram,58.0,138.0
2021,Icchanguru,58.0,138.0
2021,Shinganayakanahalli,58.0,138.0
2021,Austin Town,58.0,138.0
2021,Vijaya Nagar,58.0,138.0
2021,Mahalakshmi Layout,58.0,138.0
2021,Chikkapete,58.0,138.0
2021,Jayanagar,58.0,138.0
2021,Shinganayakanahalli,58.0,138.0
2021,Nagasandra,58.0,138.0
2021,Marenahalli,58.0,138.0
2021,Chikkapete,58.0,138.0
2021,Banashankari,58.0,138.0
2021,Banaswadi,58.0,138.0
2021,Marenahalli,58.0,138.0
2021,Vasanth Nagar,58.0,138.0
2021,Chikkapete,58.0,138.0
2021,Chikkapete,58.0,138.0
2021,Gandhinagar,58.0,138.0
2021,Chikkapete,58.0,138.0
2021,Richmond Town,58.0,138.0
2021,Vasanth Nagar,58.0,138.0
2021,Bannerughatta,58.0,138.0
2021,Vijaya Nagar,58.0,138.0
2021,Basavanagudi,58.0,138.0
2021,Chikkapete,58.0,138.0
2021,Basaveshwaranagar,58.0,138.0
2021,Mahalakshmi Layout,58.0,138.0
2021,Haralur,58.0,138.0
2021,Frazer Town,58.0,138.0
2021,Anekal,58.0,138.0
2021,Bettahalasuru,58.0,138.0
2021,Rajajinagar,58.0,138.0
2021,Byyappanahalli,58.0,138.0
2021,Icchanguru,58.0,138.0
2021,Byyappanahalli,58.0,138.0
2021,Vasanth Nagar,58.0,138.0
2021,Vijaya Nagar,58.0,138.0
2021,C V Raman Nagar,58.0,138.0
2021,Richmond Town,58.0,138.0
2021,Shinganayakanahalli,58.0,138.0
2021,Chikkapete,58.0,138.0
2021,Chamarajapete,58.0,138.0
2021,Chamarajapete,58.0,138.0
2021,Vijaya Nagar,58.0,138.0
2021,Chikkapete,58.0,138.0
2021,Vidyaranyapura,58.0,138.0
2021,Bettahalasuru,58.0,138.0
2021,Uttarahalli,58.0,138.0
2021,Puradhapalya,58.0,138.0
2021,Puradhapalya,58.0,138.0
2021,Vasanth Nagar,58.0,138.0
2021,Vijaya Nagar,58.0,138.0
2021,Hosamanegalu,58.0,138.0
2021,Nagavara,58.0,138.0
2021,Krishnarajapuram,58.0,138.0
2021,Marenahalli,58.0,138.0
2021,Bettahalasuru,58.0,138.0
2021,Badamanavarthekaval,58.0,138.0
2021,Marathahalli,58.0,138.0
2021,Sarjapura,58.0,138.0
2021,Ramamurthy Nagar,58.0,138.0
2021,Vasanth Nagar,58.0,138.0
2021,Electronic City,58.0,138.0
2021,Frazer Town,58.0,138.0
2021,Sriramapuram,58.0,138.0
2021,Banashankari,58.0,138.0
2021,Yeswanthpur,58.0,138.0
2021,Vijaya Nagar,58.0,138.0
2021,Vijaya Nagar,58.0,138.0
2021,Jalahalli,58.0,138.0
2021,Gunjur,58.0,138.0
2021,Jalahalli,58.0,138.0
2021,Hebbal,58.0,138.0
2021,Halasuru,58.0,138.0
2021,Shivajinagar,58.0,138.0
2021,HSR Layout,58.0,138.0
2021,Vijaya Nagar,58.0,138.0
2021,Sarjapura,58.0,138.0
2021,Anekal,58.0,138.0
2021,Hebbal,58.0,138.0
2021,Anekal,58.0,138.0
2021,Vasanth Nagar,58.0,138.0
2021,Hoodi,58.0,138.0
2021,Banaswadi,58.0,138.0
2021,Banashankari,58.0,138.0
2021,Anekal,58.0,138.0
2021,Halasuru,58.0,138.0
2021,Bettahalasuru,58.0,138.0
2021,RMV 2nd Stage,58.0,138.0
2021,Whitefield,58.0,138.0
2021,Anekal,58.0,138.0
2021,Indiranagar,58.0,138.0
2021,Indiranagar,58.0,138.0
2021,Rajajinagar,58.0,138.0
2021,Banashankari,58.0,138.0
2021,RT Nagar,58.0,138.0
2021,Shinganayakanahalli,58.0,138.0
2021,Jalahalli,58.0,138.0
2021,Jalahalli,58.0,138.0
2021,Banaswadi,58.0,138.0
2021,Jayanagar,58.0,138.0
2021,Jayanagar,58.0,138.0
2021,Basavanagudi,58.0,138.0
2021,Jayanagar,58.0,138.0
2021,Frazer Town,58.0,138.0
2021,Whitefield,58.0,138.0
2021,Anekal,58.0,138.0
2021,Basaveshwaranagar,58.0,138.0
2021,Gandhinagar,58.0,138.0
2021,Malleswaram,58.0,138.0
2021,Lingarajapuram,58.0,138.0
2021,Puradhapalya,58.0,138.0
2021,Hosamanegalu,58.0,138.0
2021,Hosamanegalu,58.0,138.0
2021,Banaswadi,58.0,138.0
2021,Basaveshwaranagar,58.0,138.0
2021,Hosamanegalu,58.0,138.0
2021,Marenahalli,58.0,138.0
2021,Mahalakshmi Layout,58.0,138.0
2021,Banashankari,58.0,138.0
2021,Rajarajeshwari Nagar,58.0,138.0
2021,Koramangala,58.0,138.0
2021,Shinganayakanahalli,58.0,138.0
2021,Sahakaranagara,58.0,138.0
2021,Badamanavarthekaval,58.0,138.0
2021,Koramangala,58.0,138.0
2021,Koramangala,58.0,138.0
2021,Koramangala,58.0,138.0
2021,Kyalasanahalli,58.0,138.0
2021,Krishnarajapuram,58.0,138.0
2021,Ramamurthy Nagar,58.0,138.0
2021,Sarjapura,58.0,138.0
2021,Chikkelluru Ramapura,58.0,138.0
2021,Marathahalli,58.0,138.0
2021,Basavanagudi,58.0,138.0
2021,Vasanth Nagar,58.0,138.0
2021,Lingarajapuram,58.0,138.0
2021,Mathikere,58.0,138.0
2021,Jayanagar,58.0,138.0
2021,Kempapura Agrahara,58.0,138.0
2021,Hoodi,58.0,138.0
2021,Mahalakshmi Layout,58.0,138.0
2021,Vasanth Nagar,58.0,138.0
2021,Baiyyappanahalli,58.0,138.0
2021,Malleswaram,58.0,138.0
2021,Malleswaram,58.0,138.0
2021,Baiyyappanahalli,58.0,138.0
2021,Marathahalli,58.0,138.0
2021,Anekal,58.0,138.0
2021,Baiyyappanahalli,58.0,138.0
2021,Mathikere,58.0,138.0
2021,Basavanagudi,58.0,138.0
2021,Icchanguru,58.0,138.0
2021,Byyappanahalli,58.0,138.0
2021,Hosamanegalu,58.0,138.0
2021,Malleswaram,58.0,138.0
2021,Mathikere,58.0,138.0
2021,Byyappanahalli,58.0,138.0
2021,Richmond Town,58.0,138.0
2021,Narayanagatta,58.0,138.0
2021,Gunjur,58.0,138.0
2021,Hosamanegalu,58.0,138.0
2021,Nagarabhavi,58.0,138.0
2021,Nagasandra,58.0,138.0
2021,Nagavara,58.0,138.0
2021,Mahalakshmi Layout,58.0,138.0
2021,Chikkapete,58.0,138.0
2021,Vasanth Nagar,58.0,138.0
2021,Rajarajeshwari Nagar,58.0,138.0
2021,Icchanguru,58.0,138.0
2021,Chikkapete,58.0,138.0
2021,Sriramapuram,58.0,138.0
2021,RT Nagar,58.0,138.0
2021,Jayanagar,58.0,138.0
2021,Malleswaram,58.0,138.0
2021,Gunjur,58.0,138.0
2021,Basavanagudi,58.0,138.0
2021,RT Nagar,58.0,138.0
2021,RMV 2nd Stage,58.0,138.0
2021,Rajajinagar,58.0,138.0
2021,Rajajinagar,58.0,138.0
2021,Rajajinagar,58.0,138.0
2021,Shinganayakanahalli,58.0,138.0
2021,Rajarajeshwari Nagar,58.0,138.0
2021,Vasanth Nagar,58.0,138.0
2021,Sriramapuram,58.0,138.0
2021,Whitefield,58.0,138.0
2021,Nagavara,58.0,138.0
2021,Ramamurthy Nagar,58.0,138.0
2021,Marathahalli,58.0,138.0
2021,Richmond Town,58.0,138.0
2021,Kengeri,58.0,138.0
2021,Sadashivanagar,58.0,138.0
2021,Sahakaranagara,58.0,138.0
2021,Anekal,58.0,138.0
2021,Hosamanegalu,58.0,138.0
2021,Sarjapura,58.0,138.0
2021,Sadashivanagar,58.0,138.0
2021,Malleswaram,58.0,138.0
2021,Basavanagudi,58.0,138.0
2021,Anekal,58.0,138.0
2021,Shinganayakanahalli,58.0,138.0
2021,Halasuru,58.0,138.0
2021,Halasuru,58.0,138.0
2021,Chikkapete,58.0,138.0
2021,Sriramapuram,58.0,138.0
2021,Koramangala,58.0,138.0
2021,Lingarajapuram,58.0,138.0
2021,Gandhinagar,58.0,138.0
2021,Uttarahalli,58.0,138.0
2021,Malleswaram,58.0,138.0
2021,Bettahalasuru,58.0,138.0
2021,Puradhapalya,58.0,138.0
2021,Byyappanahalli,58.0,138.0
2021,Anekal,58.0,138.0
2021,Jayanagar,58.0,138.0
2021,RT Nagar,58.0,138.0
2021,Anekal,58.0,138.0
2021,Gunjur,58.0,138.0
2021,Vasanth Nagar,58.0,138.0
2021,Malleswaram,58.0,138.0
2021,Nagavara,58.0,138.0
2021,Vasanth Nagar,58.0,138.0
2021,Bettahalasuru,58.0,138.0
2021,Vidyaranyapura,58.0,138.0
2021,Vijaya Nagar,58.0,138.0
2021,Vijaya Nagar,58.0,138.0
2021,Byyappanahalli,58.0,138.0
2021,Basavanagudi,58.0,138.0
2021,Herohalli,58.0,138.0
2021,Chamarajapete,58.0,138.0
2021,Austin Town,58.0,138.0
2021,Malleswaram,58.0,138.0
2021,Shinganayakanahalli,58.0,138.0
2021,Whitefield,58.0,138.0
2021,Icchanguru,58.0,138.0
2021,Jayanagar,58.0,138.0
2021,Shinganayakanahalli,58.0,138.0
2021,Shinganayakanahalli,58.0,138.0
2021,Marathahalli,58.0,138.0
2021,Yeswanthpur,58.0,138.0
2021,Yeswanthpur,58.0,138.0
2022,Hunasamaranahalli,60.0,142.0
2022,Koramangala,60.0,142.0
2022,Sahakaranagara,60.0,142.0
2022,Hebbal,60.0,142.0
2022,Anekal,60.0,142.0
2022,Anekal,60.0,142.0
2022,Nagavara,60.0,142.0
2022,Malleswaram,60.0,142.0
2022,Icchanguru,60.0,142.0
2022,Shinganayakanahalli,60.0,142.0
2022,Austin Town,60.0,142.0
2022,Vijaya Nagar,60.0,142.0
2022,Mahalakshmi Layout,60.0,142.0
2022,Chikkapete,60.0,142.0
2022,Jayanagar,60.0,142.0
2022,Shinganayakanahalli,60.0,142.0
2022,Nagasandra,60.0,142.0
2022,Marenahalli,60.0,142.0
2022,Chikkapete,60.0,142.0
2022,Banashankari,60.0,142.0
2022,Banaswadi,60.0,142.0
2022,Marenahalli,60.0,142.0
2022,Vasanth Nagar,60.0,142.0
2022,Chikkapete,60.0,142.0
2022,Chikkapete,60.0,142.0
2022,Gandhinagar,60.0,142.0
2022,Chikkapete,60.0,142.0
2022,Richmond Town,60.0,142.0
2022,Vasanth Nagar,60.0,142.0
2022,Bannerughatta,60.0,142.0
2022,Vijaya Nagar,60.0,142.0
2022,Basavanagudi,60.0,142.0
2022,Chikkapete,60.0,142.0
2022,Basaveshwaranagar,60.0,142.0
2022,Mahalakshmi Layout,60.0,142.0
2022,Haralur,60.0,142.0
2022,Frazer Town,60.0,142.0
2022,Anekal,60.0,142.0
2022,Bettahalasuru,60.0,142.0
2022,Rajajinagar,60.0,142.0
2022,Byyappanahalli,60.0,142.0
2022,Icchanguru,60.0,142.0
2022,Byyappanahalli,60.0,142.0
2022,Vasanth Nagar,60.0,142.0
2022,Vijaya Nagar,60.0,142.0
2022,C V Raman Nagar,60.0,142.0
2022,Richmond Town,60.0,142.0
2022,Shinganayakanahalli,60.0,142.0
2022,Chikkapete,60.0,142.0
2022,Chamarajapete,60.0,142.0
2022,Chamarajapete,60.0,142.0
2022,Vijaya Nagar,60.0,142.0
2022,Chikkapete,60.0,142.0
2022,Vidyaranyapura,60.0,142.0
2022,Bettahalasuru,60.0,142.0
2022,Uttarahalli,60.0,142.0
2022,Puradhapalya,60.0,142.0
2022,Puradhapalya,60.0,142.0
2022,Vasanth Nagar,60.0,142.0
2022,Vijaya Nagar,60.0,142.0
2022,Hosamanegalu,60.0,142.0
2022,Nagavara,60.0,142.0
2022,Krishnarajapuram,60.0,142.0
2022,Marenahalli,60.0,142.0
2022,Bettahalasuru,60.0,142.0
2022,Badamanavarthekaval,60.0,142.0
2022,Marathahalli,60.0,142.0
2022,Sarjapura,60.0,142.0
2022,Ramamurthy Nagar,60.0,142.0
2022,Vasanth Nagar,60.0,142.0
2022,Electronic City,60.0,142.0
2022,Frazer Town,60.0,142.0
2022,Sriramapuram,60.0,142.0
2022,Banashankari,60.0,142.0
2022,Yeswanthpur,60.0,142.0
2022,Vijaya Nagar,60.0,142.0
2022,Vijaya Nagar,60.0,142.0
2022,Jalahalli,60.0,142.0
2022,Gunjur,60.0,142.0
2022,Jalahalli,60.0,142.0
2022,Hebbal,60.0,142.0
2022,Halasuru,60.0,142.0
2022,Shivajinagar,60.0,142.0
2022,HSR Layout,60.0,142.0
2022,Vijaya Nagar,60.0,142.0
2022,Sarjapura,60.0,142.0
2022,Anekal,60.0,142.0
2022,Hebbal,60.0,142.0
2022,Anekal,60.0,142.0
2022,Vasanth Nagar,60.0,142.0
2022,Hoodi,60.0,142.0
2022,Banaswadi,60.0,142.0
2022,Banashankari,60.0,142.0
2022,Anekal,60.0,142.0
2022,Halasuru,60.0,142.0
2022,Bettahalasuru,60.0,142.0
2022,RMV 2nd Stage,60.0,142.0
2022,Whitefield,60.0,142.0
2022,Anekal,60.0,142.0
2022,Indiranagar,60.0,142.0
2022,Indiranagar,60.0,142.0
2022,Rajajinagar,60.0,142.0
2022,Banashankari,60.0,142.0
2022,RT Nagar,60.0,142.0
2022,Shinganayakanahalli,60.0,142.0
2022,Jalahalli,60.0,142.0
2022,Jalahalli,60.0,142.0
2022,Banaswadi,60.0,142.0
2022,Jayanagar,60.0,142.0
2022,Jayanagar,60.0,142.0
2022,Basavanagudi,60.0,142.0
2022,Jayanagar,60.0,142.0
2022,Frazer Town,60.0,142.0
2022,Whitefield,60.0,142.0
2022,Anekal,60.0,142.0
2022,Basaveshwaranagar,60.0,142.0
2022,Gandhinagar,60.0,142.0
2022,Malleswaram,60.0,142.0
2022,Lingarajapuram,60.0,142.0
2022,Puradhapalya,60.0,142.0
2022,Hosamanegalu,60.0,142.0
2022,Hosamanegalu,60.0,142.0
2022,Banaswadi,60.0,142.0
2022,Basaveshwaranagar,60.0,142.0
2022,Hosamanegalu,60.0,142.0
2022,Marenahalli,60.0,142.0
2022,Mahalakshmi Layout,60.0,142.0
2022,Banashankari,60.0,142.0
2022,Rajarajeshwari Nagar,60.0,142.0
2022,Koramangala,60.0,142.0
2022,Shinganayakanahalli,60.0,142.0
2022,Sahakaranagara,60.0,142.0
2022,Badamanavarthekaval,60.0,142.0
2022,Koramangala,60.0,142.0
2022,Koramangala,60.0,142.0
2022,Koramangala,60.0,142.0
2022,Kyalasanahalli,60.0,142.0
2022,Krishnarajapuram,60.0,142.0
2022,Ramamurthy Nagar,60.0,142.0
2022,Sarjapura,60.0,142.0
2022,Chikkelluru Ramapura,60.0,142.0
2022,Marathahalli,60.0,142.0
2022,Basavanagudi,60.0,142.0
2022,Vasanth Nagar,60.0,142.0
2022,Lingarajapuram,60.0,142.0
2022,Mathikere,60.0,142.0
2022,Jayanagar,60.0,142.0
2022,Kempapura Agrahara,60.0,142.0
2022,Hoodi,60.0,142.0
2022,Mahalakshmi Layout,60.0,142.0
2022,Vasanth Nagar,60.0,142.0
2022,Baiyyappanahalli,60.0,142.0
2022,Malleswaram,60.0,142.0
2022,Malleswaram,60.0,142.0
2022,Baiyyappanahalli,60.0,142.0
2022,Marathahalli,60.0,142.0
2022,Anekal,60.0,142.0
2022,Baiyyappanahalli,60.0,142.0
2022,Mathikere,60.0,142.0
2022,Basavanagudi,60.0,142.0
2022,Icchanguru,60.0,142.0
2022,Byyappanahalli,60.0,142.0
2022,Hosamanegalu,60.0,142.0
2022,Malleswaram,60.0,142.0
2022,Mathikere,60.0,142.0
2022,Byyappanahalli,60.0,142.0
2022,Richmond Town,60.0,142.0
2022,Narayanagatta,60.0,142.0
2022,Gunjur,60.0,142.0
2022,Hosamanegalu,60.0,142.0
2022,Nagarabhavi,60.0,142.0
2022,Nagasandra,60.0,142.0
2022,Nagavara,60.0,142.0
2022,Mahalakshmi Layout,60.0,142.0
2022,Chikkapete,60.0,142.0
2022,Vasanth Nagar,60.0,142.0
2022,Rajarajeshwari Nagar,60.0,142.0
2022,Icchanguru,60.0,142.0
2022,Chikkapete,60.0,142.0
2022,Sriramapuram,60.0,142.0
2022,RT Nagar,60.0,142.0
2022,Jayanagar,60.0,142.0
2022,Malleswaram,60.0,142.0
2022,Gunjur,60.0,142.0
2022,Basavanagudi,60.0,142.0
2022,RT Nagar,60.0,142.0
2022,RMV 2nd Stage,60.0,142.0
2022,Rajajinagar,60.0,142.0
2022,Rajajinagar,60.0,142.0
2022,Rajajinagar,60.0,142.0
2022,Shinganayakanahalli,60.0,142.0
2022,Rajarajeshwari Nagar,60.0,142.0
2022,Vasanth Nagar,60.0,142.0
2022,Sriramapuram,60.0,142.0
2022,Whitefield,60.0,142.0
2022,Nagavara,60.0,142.0
2022,Ramamurthy Nagar,60.0,142.0
2022,Marathahalli,60.0,142.0
2022,Richmond Town,60.0,142.0
2022,Kengeri,60.0,142.0
2022,Sadashivanagar,60.0,142.0
2022,Sahakaranagara,60.0,142.0
2022,Anekal,60.0,142.0
2022,Hosamanegalu,60.0,142.0
2022,Sarjapura,60.0,142.0
2022,Sadashivanagar,60.0,142.0
2022,Malleswaram,60.0,142.0
2022,Basavanagudi,60.0,142.0
2022,Anekal,60.0,142.0
2022,Shinganayakanahalli,60.0,142.0
2022,Halasuru,60.0,142.0
2022,Halasuru,60.0,142.0
2022,Chikkapete,60.0,142.0
2022,Sriramapuram,60.0,142.0
2022,Koramangala,60.0,142.0
2022,Lingarajapuram,60.0,142.0
2022,Gandhinagar,60.0,142.0
2022,Uttarahalli,60.0,142.0
2022,Malleswaram,60.0,142.0
2022,Bettahalasuru,60.0,142.0
2022,Puradhapalya,60.0,142.0
2022,Byyappanahalli,60.0,142.0
2022,Anekal,60.0,142.0
2022,Jayanagar,60.0,142.0
2022,RT Nagar,60.0,142.0
2022,Anekal,60.0,142.0
2022,Gunjur,60.0,142.0
2022,Vasanth Nagar,60.0,142.0
2022,Malleswaram,60.0,142.0
2022,Nagavara,60.0,142.0
2022,Vasanth Nagar,60.0,142.0
2022,Bettahalasuru,60.0,142.0
2022,Vidyaranyapura,60.0,142.0
2022,Vijaya Nagar,60.0,142.0
2022,Vijaya Nagar,60.0,142.0
2022,Byyappanahalli,60.0,142.0
2022,Basavanagudi,60.0,142.0
2022,Herohalli,60.0,142.0
2022,Chamarajapete,60.0,142.0
2022,Austin Town,60.0,142.0
2022,Malleswaram,60.0,142.0
2022,Shinganayakanahalli,60.0,142.0
2022,Whitefield,60.0,142.0
2022,Icchanguru,60.0,142.0
2022,Jayanagar,60.0,142.0
2022,Shinganayakanahalli,60.0,142.0
2022,Shinganayakanahalli,60.0,142.0
2022,Marathahalli,60.0,142.0
2022,Yeswanthpur,60.0,142.0
2022,Yeswanthpur,60.0,142.0
2023,Hunasamaranahalli,62.0,147.0
2023,Koramangala,62.0,147.0
2023,Sahakaranagara,62.0,147.0
2023,Hebbal,62.0,147.0
2023,Anekal,62.0,147.0
2023,Anekal,62.0,147.0
2023,Nagavara,62.0,147.0
2023,Malleswaram,62.0,147.0
2023,Icchanguru,62.0,147.0
2023,Shinganayakanahalli,62.0,147.0
2023,Austin Town,62.0,147.0
2023,Vijaya Nagar,62.0,147.0
2023,Mahalakshmi Layout,62.0,147.0
2023,Chikkapete,62.0,147.0
2023,Jayanagar,62.0,147.0
2023,Shinganayakanahalli,62.0,147.0
2023,Nagasandra,62.0,147.0
2023,Marenahalli,62.0,147.0
2023,Chikkapete,62.0,147.0
2023,Banashankari,62.0,147.0
2023,Banaswadi,62.0,147.0
2023,Marenahalli,62.0,147.0
2023,Vasanth Nagar,62.0,147.0
2023,Chikkapete,62.0,147.0
2023,Chikkapete,62.0,147.0
2023,Gandhinagar,62.0,147.0
2023,Chikkapete,62.0,147.0
2023,Richmond Town,62.0,147.0
2023,Vasanth Nagar,62.0,147.0
2023,Bannerughatta,62.0,147.0
2023,Vijaya Nagar,62.0,147.0
2023,Basavanagudi,62.0,147.0
2023,Chikkapete,62.0,147.0
2023,Basaveshwaranagar,62.0,147.0
2023,Mahalakshmi Layout,62.0,147.0
2023,Haralur,62.0,147.0
2023,Frazer Town,62.0,147.0
2023,Anekal,62.0,147.0
2023,Bettahalasuru,62.0,147.0
2023,Rajajinagar,62.0,147.0
2023,Byyappanahalli,62.0,147.0
2023,Icchanguru,62.0,147.0
2023,Byyappanahalli,62.0,147.0
2023,Vasanth Nagar,62.0,147.0
2023,Vijaya Nagar,62.0,147.0
2023,C V Raman Nagar,62.0,147.0
2023,Richmond Town,62.0,147.0
2023,Shinganayakanahalli,62.0,147.0
2023,Chikkapete,62.0,147.0
2023,Chamarajapete,62.0,147.0
2023,Chamarajapete,62.0,147.0
2023,Vijaya Nagar,62.0,147.0
2023,Chikkapete,62.0,147.0
2023,Vidyaranyapura,62.0,147.0
2023,Bettahalasuru,62.0,147.0
2023,Uttarahalli,62.0,147.0
2023,Puradhapalya,62.0,147.0
2023,Puradhapalya,62.0,147.0
2023,Vasanth Nagar,62.0,147.0
2023,Vijaya Nagar,62.0,147.0
2023,Hosamanegalu,62.0,147.0
2023,Nagavara,62.0,147.0
2023,Krishnarajapuram,62.0,147.0
2023,Marenahalli,62.0,147.0
2023,Bettahalasuru,62.0,147.0
2023,Badamanavarthekaval,62.0,147.0
2023,Marathahalli,62.0,147.0
2023,Sarjapura,62.0,147.0
2023,Ramamurthy Nagar,62.0,147.0
2023,Vasanth Nagar,62.0,147.0
2023,Electronic City,62.0,147.0
2023,Frazer Town,62.0,147.0
2023,Sriramapuram,62.0,147.0
2023,Banashankari,62.0,147.0
2023,Yeswanthpur,62.0,147.0
2023,Vijaya Nagar,62.0,147.0
2023,Vijaya Nagar,62.0,147.0
2023,Jalahalli,62.0,147.0
2023,Gunjur,62.0,147.0
2023,Jalahalli,62.0,147.0
2023,Hebbal,62.0,147.0
2023,Halasuru,62.0,147.0
2023,Shivajinagar,62.0,147.0
2023,HSR Layout,62.0,147.0
2023,Vijaya Nagar,62.0,147.0
2023,Sarjapura,62.0,147.0
2023,Anekal,62.0,147.0
2023,Hebbal,62.0,147.0
2023,Anekal,62.0,147.0
2023,Vasanth Nagar,62.0,147.0
2023,Hoodi,62.0,147.0
2023,Banaswadi,62.0,147.0
2023,Banashankari,62.0,147.0
2023,Anekal,62.0,147.0
2023,Halasuru,62.0,147.0
2023,Bettahalasuru,62.0,147.0
2023,RMV 2nd Stage,62.0,147.0
2023,Whitefield,62.0,147.0
2023,Anekal,62.0,147.0
2023,Indiranagar,62.0,147.0
2023,Indiranagar,62.0,147.0
2023,Rajajinagar,62.0,147.0
2023,Banashankari,62.0,147.0
2023,RT Nagar,62.0,147.0
2023,Shinganayakanahalli,62.0,147.0
2023,Jalahalli,62.0,147.0
2023,Jalahalli,62.0,147.0
2023,Banaswadi,62.0,147.0
2023,Jayanagar,62.0,147.0
2023,Jayanagar,62.0,147.0
2023,Basavanagudi,62.0,147.0
2023,Jayanagar,62.0,147.0
2023,Frazer Town,62.0,147.0
2023,Whitefield,62.0,147.0
2023,Anekal,62.0,147.0
2023,Basaveshwaranagar,62.0,147.0
2023,Gandhinagar,62.0,147.0
2023,Malleswaram,62.0,147.0
2023,Lingarajapuram,62.0,147.0
2023,Puradhapalya,62.0,147.0
2023,Hosamanegalu,62.0,147.0
2023,Hosamanegalu,62.0,147.0
2023,Banaswadi,62.0,147.0
2023,Basaveshwaranagar,62.0,147.0
2023,Hosamanegalu,62.0,147.0
2023,Marenahalli,62.0,147.0
2023,Mahalakshmi Layout,62.0,147.0
2023,Banashankari,62.0,147.0
2023,Rajarajeshwari Nagar,62.0,147.0
2023,Koramangala,62.0,147.0
2023,Shinganayakanahalli,62.0,147.0
2023,Sahakaranagara,62.0,147.0
2023,Badamanavarthekaval,62.0,147.0
2023,Koramangala,62.0,147.0
2023,Koramangala,62.0,147.0
2023,Koramangala,62.0,147.0
2023,Kyalasanahalli,62.0,147.0
2023,Krishnarajapuram,62.0,147.0
2023,Ramamurthy Nagar,62.0,147.0
2023,Sarjapura,62.0,147.0
2023,Chikkelluru Ramapura,62.0,147.0
2023,Marathahalli,62.0,147.0
2023,Basavanagudi,62.0,147.0
2023,Vasanth Nagar,62.0,147.0
2023,Lingarajapuram,62.0,147.0
2023,Mathikere,62.0,147.0
2023,Jayanagar,62.0,147.0
2023,Kempapura Agrahara,62.0,147.0
2023,Hoodi,62.0,147.0
2023,Mahalakshmi Layout,62.0,147.0
2023,Vasanth Nagar,62.0,147.0
2023,Baiyyappanahalli,62.0,147.0
2023,Malleswaram,62.0,147.0
2023,Malleswaram,62.0,147.0
2023,Baiyyappanahalli,62.0,147.0
2023,Marathahalli,62.0,147.0
2023,Anekal,62.0,147.0
2023,Baiyyappanahalli,62.0,147.0
2023,Mathikere,62.0,147.0
2023,Basavanagudi,62.0,147.0
2023,Icchanguru,62.0,147.0
2023,Byyappanahalli,62.0,147.0
2023,Hosamanegalu,62.0,147.0
2023,Malleswaram,62.0,147.0
2023,Mathikere,62.0,147.0
2023,Byyappanahalli,62.0,147.0
2023,Richmond Town,62.0,147.0
2023,Narayanagatta,62.0,147.0
2023,Gunjur,62.0,147.0
2023,Hosamanegalu,62.0,147.0
2023,Nagarabhavi,62.0,147.0
2023,Nagasandra,62.0,147.0
2023,Nagavara,62.0,147.0
2023,Mahalakshmi Layout,62.0,147.0
2023,Chikkapete,62.0,147.0
2023,Vasanth Nagar,62.0,147.0
2023,Rajarajeshwari Nagar,62.0,147.0
2023,Icchanguru,62.0,147.0
2023,Chikkapete,62.0,147.0
2023,Sriramapuram,62.0,147.0
2023,RT Nagar,62.0,147.0
2023,Jayanagar,62.0,147.0
2023,Malleswaram,62.0,147.0
2023,Gunjur,62.0,147.0
2023,Basavanagudi,62.0,147.0
2023,RT Nagar,62.0,147.0
2023,RMV 2nd Stage,62.0,147.0
2023,Rajajinagar,62.0,147.0
2023,Rajajinagar,62.0,147.0
2023,Rajajinagar,62.0,147.0
2023,Shinganayakanahalli,62.0,147.0
2023,Rajarajeshwari Nagar,62.0,147.0
2023,Vasanth Nagar,62.0,147.0
2023,Sriramapuram,62.0,147.0
2023,Whitefield,62.0,147.0
2023,Nagavara,62.0,147.0
2023,Ramamurthy Nagar,62.0,147.0
2023,Marathahalli,62.0,147.0
2023,Richmond Town,62.0,147.0
2023,Kengeri,62.0,147.0
2023,Sadashivanagar,62.0,147.0
2023,Sahakaranagara,62.0,147.0
2023,Anekal,62.0,147.0
2023,Hosamanegalu,62.0,147.0
2023,Sarjapura,62.0,147.0
2023,Sadashivanagar,62.0,147.0
2023,Malleswaram,62.0,147.0
2023,Basavanagudi,62.0,147.0
2023,Anekal,62.0,147.0
2023,Shinganayakanahalli,62.0,147.0
2023,Halasuru,62.0,147.0
2023,Halasuru,62.0,147.0
2023,Chikkapete,62.0,147.0
2023,Sriramapuram,62.0,147.0
2023,Koramangala,62.0,147.0
2023,Lingarajapuram,62.0,147.0
2023,Gandhinagar,62.0,147.0
2023,Uttarahalli,62.0,147.0
2023,Malleswaram,62.0,147.0
2023,Bettahalasuru,62.0,147.0
2023,Puradhapalya,62.0,147.0
2023,Byyappanahalli,62.0,147.0
2023,Anekal,62.0,147.0
2023,Jayanagar,62.0,147.0
2023,RT Nagar,62.0,147.0
2023,Anekal,62.0,147.0
2023,Gunjur,62.0,147.0
2023,Vasanth Nagar,62.0,147.0
2023,Malleswaram,62.0,147.0
2023,Nagavara,62.0,147.0
2023,Vasanth Nagar,62.0,147.0
2023,Bettahalasuru,62.0,147.0
2023,Vidyaranyapura,62.0,147.0
2023,Vijaya Nagar,62.0,147.0
2023,Vijaya Nagar,62.0,147.0
2023,Byyappanahalli,62.0,147.0
2023,Basavanagudi,62.0,147.0
2023,Herohalli,62.0,147.0
2023,Chamarajapete,62.0,147.0
2023,Austin Town,62.0,147.0
2023,Malleswaram,62.0,147.0
2023,Shinganayakanahalli,62.0,147.0
2023,Whitefield,62.0,147.0
2023,Icchanguru,62.0,147.0
2023,Jayanagar,62.0,147.0
2023,Shinganayakanahalli,62.0,147.0
2023,Shinganayakanahalli,62.0,147.0
2023,Marathahalli,62.0,147.0
2023,Yeswanthpur,62.0,147.0
2023,Yeswanthpur,62.0,147.0
2024,Hunasamaranahalli,65.0,150.0
2024,Koramangala,65.0,150.0
2024,Sahakaranagara,65.0,150.0
2024,Hebbal,65.0,150.0
2024,Anekal,65.0,150.0
2024,Anekal,65.0,150.0
2024,Nagavara,65.0,150.0
2024,Malleswaram,65.0,150.0
2024,Icchanguru,65.0,150.0
2024,Shinganayakanahalli,65.0,150.0
2024,Austin Town,65.0,150.0
2024,Vijaya Nagar,65.0,150.0
2024,Mahalakshmi Layout,65.0,150.0
2024,Chikkapete,65.0,150.0
2024,Jayanagar,65.0,150.0
2024,Shinganayakanahalli,65.0,150.0
2024,Nagasandra,65.0,150.0
2024,Marenahalli,65.0,150.0
2024,Chikkapete,65.0,150.0
2024,Banashankari,65.0,150.0
2024,Banaswadi,65.0,150.0
2024,Marenahalli,65.0,150.0
2024,Vasanth Nagar,65.0,150.0
2024,Chikkapete,65.0,150.0
2024,Chikkapete,65.0,150.0
2024,Gandhinagar,65.0,150.0
2024,Chikkapete,65.0,150.0
2024,Richmond Town,65.0,150.0
2024,Vasanth Nagar,65.0,150.0
2024,Bannerughatta,65.0,150.0
2024,Vijaya Nagar,65.0,150.0
2024,Basavanagudi,65.0,150.0
2024,Chikkapete,65.0,150.0
2024,Basaveshwaranagar,65.0,150.0
2024,Mahalakshmi Layout,65.0,150.0
2024,Haralur,65.0,150.0
2024,Frazer Town,65.0,150.0
2024,Anekal,65.0,150.0
2024,Bettahalasuru,65.0,150.0
2024,Rajajinagar,65.0,150.0
2024,Byyappanahalli,65.0,150.0
2024,Icchanguru,65.0,150.0
2024,Byyappanahalli,65.0,150.0
2024,Vasanth Nagar,65.0,150.0
2024,Vijaya Nagar,65.0,150.0
2024,C V Raman Nagar,65.0,150.0
2024,Richmond Town,65.0,150.0
2024,Shinganayakanahalli,65.0,150.0
2024,Chikkapete,65.0,150.0
2024,Chamarajapete,65.0,150.0
2024,Chamarajapete,65.0,150.0
2024,Vijaya Nagar,65.0,150.0
2024,Chikkapete,65.0,150.0
2024,Vidyaranyapura,65.0,150.0
2024,Bettahalasuru,65.0,150.0
2024,Uttarahalli,65.0,150.0
2024,Puradhapalya,65.0,150.0
2024,Puradhapalya,65.0,150.0
2024,Vasanth Nagar,65.0,150.0
2024,Vijaya Nagar,65.0,150.0
2024,Hosamanegalu,65.0,150.0
2024,Nagavara,65.0,150.0
2024,Krishnarajapuram,65.0,150.0
2024,Marenahalli,65.0,150.0
2024,Bettahalasuru,65.0,150.0
2024,Badamanavarthekaval,65.0,150.0
2024,Marathahalli,65.0,150.0
2024,Sarjapura,65.0,150.0
2024,Ramamurthy Nagar,65.0,150.0
2024,Vasanth Nagar,65.0,150.0
2024,Electronic City,65.0,150.0
2024,Frazer Town,65.0,150.0
2024,Sriramapuram,65.0,150.0
2024,Banashankari,65.0,150.0
2024,Yeswanthpur,65.0,150.0
2024,Vijaya Nagar,65.0,150.0
2024,Vijaya Nagar,65.0,150.0
2024,Jalahalli,65.0,150.0
2024,Gunjur,65.0,150.0
2024,Jalahalli,65.0,150.0
2024,Hebbal,65.0,150.0
2024,Halasuru,65.0,150.0
2024,Shivajinagar,65.0,150.0
2024,HSR Layout,65.0,150.0
2024,Vijaya Nagar,65.0,150.0
2024,Sarjapura,65.0,150.0
2024,Anekal,65.0,150.0
2024,Hebbal,65.0,150.0
2024,Anekal,65.0,150.0
2024,Vasanth Nagar,65.0,150.0
2024,Hoodi,65.0,150.0
2024,Banaswadi,65.0,150.0
2024,Banashankari,65.0,150.0
2024,Anekal,65.0,150.0
2024,Halasuru,65.0,150.0
2024,Bettahalasuru,65.0,150.0
2024,RMV 2nd Stage,65.0,150.0
2024,Whitefield,65.0,150.0
2024,Anekal,65.0,150.0
2024,Indiranagar,65.0,150.0
2024,Indiranagar,65.0,150.0
2024,Rajajinagar,65.0,150.0
2024,Banashankari,65.0,150.0
2024,RT Nagar,65.0,150.0
2024,Shinganayakanahalli,65.0,150.0
2024,Jalahalli,65.0,150.0
2024,Jalahalli,65.0,150.0
2024,Banaswadi,65.0,150.0
2024,Jayanagar,65.0,150.0
2024,Jayanagar,65.0,150.0
2024,Basavanagudi,65.0,150.0
2024,Jayanagar,65.0,150.0
2024,Frazer Town,65.0,150.0
2024,Whitefield,65.0,150.0
2024,Anekal,65.0,150.0
2024,Basaveshwaranagar,65.0,150.0
2024,Gandhinagar,65.0,150.0
2024,Malleswaram,65.0,150.0
2024,Lingarajapuram,65.0,150.0
2024,Puradhapalya,65.0,150.0
2024,Hosamanegalu,65.0,150.0
2024,Hosamanegalu,65.0,150.0
2024,Banaswadi,65.0,150.0
2024,Basaveshwaranagar,65.0,150.0
2024,Hosamanegalu,65.0,150.0
2024,Marenahalli,65.0,150.0
2024,Mahalakshmi Layout,65.0,150.0
2024,Banashankari,65.0,150.0
2024,Rajarajeshwari Nagar,65.0,150.0
2024,Koramangala,65.0,150.0
2024,Shinganayakanahalli,65.0,150.0
2024,Sahakaranagara,65.0,150.0
2024,Badamanavarthekaval,65.0,150.0
2024,Koramangala,65.0,150.0
2024,Koramangala,65.0,150.0
2024,Koramangala,65.0,150.0
2024,Kyalasanahalli,65.0,150.0
2024,Krishnarajapuram,65.0,150.0
2024,Ramamurthy Nagar,65.0,150.0
2024,Sarjapura,65.0,150.0
2024,Chikkelluru Ramapura,65.0,150.0
2024,Marathahalli,65.0,150.0
2024,Basavanagudi,65.0,150.0
2024,Vasanth Nagar,65.0,150.0
2024,Lingarajapuram,65.0,150.0
2024,Mathikere,65.0,150.0
2024,Jayanagar,65.0,150.0
2024,Kempapura Agrahara,65.0,150.0
2024,Hoodi,65.0,150.0
2024,Mahalakshmi Layout,65.0,150.0
2024,Vasanth Nagar,65.0,150.0
2024,Baiyyappanahalli,65.0,150.0
2024,Malleswaram,65.0,150.0
2024,Malleswaram,65.0,150.0
2024,Baiyyappanahalli,65.0,150.0
2024,Marathahalli,65.0,150.0
2024,Anekal,65.0,150.0
2024,Baiyyappanahalli,65.0,150.0
2024,Mathikere,65.0,150.0
2024,Basavanagudi,65.0,150.0
2024,Icchanguru,65.0,150.0
2024,Byyappanahalli,65.0,150.0
2024,Hosamanegalu,65.0,150.0
2024,Malleswaram,65.0,150.0
2024,Mathikere,65.0,150.0
2024,Byyappanahalli,65.0,150.0
2024,Richmond Town,65.0,150.0
2024,Narayanagatta,65.0,150.0
2024,Gunjur,65.0,150.0
2024,Hosamanegalu,65.0,150.0
2024,Nagarabhavi,65.0,150.0
2024,Nagasandra,65.0,150.0
2024,Nagavara,65.0,150.0
2024,Mahalakshmi Layout,65.0,150.0
2024,Chikkapete,65.0,150.0
2024,Vasanth Nagar,65.0,150.0
2024,Rajarajeshwari Nagar,65.0,150.0
2024,Icchanguru,65.0,150.0
2024,Chikkapete,65.0,150.0
2024,Sriramapuram,65.0,150.0
2024,RT Nagar,65.0,150.0
2024,Jayanagar,65.0,150.0
2024,Malleswaram,65.0,150.0
2024,Gunjur,65.0,150.0
2024,Basavanagudi,65.0,150.0
2024,RT Nagar,65.0,150.0
2024,RMV 2nd Stage,65.0,150.0
2024,Rajajinagar,65.0,150.0
2024,Rajajinagar,65.0,150.0
2024,Rajajinagar,65.0,150.0
2024,Shinganayakanahalli,65.0,150.0
2024,Rajarajeshwari Nagar,65.0,150.0
2024,Vasanth Nagar,65.0,150.0
2024,Sriramapuram,65.0,150.0
2024,Whitefield,65.0,150.0
2024,Nagavara,65.0,150.0
2024,Ramamurthy Nagar,65.0,150.0
2024,Marathahalli,65.0,150.0
2024,Richmond Town,65.0,150.0
2024,Kengeri,65.0,150.0
2024,Sadashivanagar,65.0,150.0
2024,Sahakaranagara,65.0,150.0
2024,Anekal,65.0,150.0
2024,Hosamanegalu,65.0,150.0
2024,Sarjapura,65.0,150.0
2024,Sadashivanagar,65.0,150.0
2024,Malleswaram,65.0,150.0
2024,Basavanagudi,65.0,150.0
2024,Anekal,65.0,150.0
2024,Shinganayakanahalli,65.0,150.0
2024,Halasuru,65.0,150.0
2024,Halasuru,65.0,150.0
2024,Chikkapete,65.0,150.0
2024,Sriramapuram,65.0,150.0
2024,Koramangala,65.0,150.0
2024,Lingarajapuram,65.0,150.0
2024,Gandhinagar,65.0,150.0
2024,Uttarahalli,65.0,150.0
2024,Malleswaram,65.0,150.0
2024,Bettahalasuru,65.0,150.0
2024,Puradhapalya,65.0,150.0
2024,Byyappanahalli,65.0,150.0
2024,Anekal,65.0,150.0
2024,Jayanagar,65.0,150.0
2024,RT Nagar,65.0,150.0
2024,Anekal,65.0,150.0
2024,Gunjur,65.0,150.0
2024,Vasanth Nagar,65.0,150.0
2024,Malleswaram,65.0,150.0
2024,Nagavara,65.0,150.0
2024,Vasanth Nagar,65.0,150.0
2024,Bettahalasuru,65.0,150.0
2024,Vidyaranyapura,65.0,150.0
2024,Vijaya Nagar,65.0,150.0
2024,Vijaya Nagar,65.0,150.0
2024,Byyappanahalli,65.0,150.0
2024,Basavanagudi,65.0,150.0
2024,Herohalli,65.0,150.0
2024,Chamarajapete,65.0,150.0
2024,Austin Town,65.0,150.0
2024,Malleswaram,65.0,150.0
2024,Shinganayakanahalli,65.0,150.0
2024,Whitefield,65.0,150.0
2024,Icchanguru,65.0,150.0
2024,Jayanagar,65.0,150.0
2024,Shinganayakanahalli,65.0,150.0
2024,Shinganayakanahalli,65.0,150.0
2024,Marathahalli,65.0,150.0
2024,Yeswanthpur,65.0,150.0
2024,Yeswanthpur,65.0,150.0
2025,Hunasamaranahalli,63.4,154.6
2026,Hunasamaranahalli,64.4,156.8
2027,Hunasamaranahalli,65.5,159.0
2028,Hunasamaranahalli,66.6,161.2
2029,Hunasamaranahalli,67.6,163.4
2030,Hunasamaranahalli,68.7,165.5
2025,Koramangala,63.4,154.6
2026,Koramangala,64.4,156.8
2027,Koramangala,65.5,159.0
2028,Koramangala,66.6,161.2
2029,Koramangala,67.6,163.4
2030,Koramangala,68.7,165.5
2025,Sahakaranagara,63.4,154.6
2026,Sahakaranagara,64.4,156.8
2027,Sahakaranagara,65.5,159.0
2028,Sahakaranagara,66.6,161.2
2029,Sahakaranagara,67.6,163.4
2030,Sahakaranagara,68.7,165.5
2025,Hebbal,63.4,154.6
2026,Hebbal,64.4,156.8
2027,Hebbal,65.5,159.0
2028,Hebbal,66.6,161.2
2029,Hebbal,67.6,163.4
2030,Hebbal,68.7,165.5
2025,Anekal,63.4,154.6
2026,Anekal,64.4,156.8
2027,Anekal,65.5,159.0
2028,Anekal,66.6,161.2
2029,Anekal,67.6,163.4
2030,Anekal,68.7,165.5
2025,Nagavara,63.4,154.6
2026,Nagavara,64.4,156.8
2027,Nagavara,65.5,159.0
2028,Nagavara,66.6,161.2
2029,Nagavara,67.6,163.4
2030,Nagavara,68.7,165.5
2025,Malleswaram,63.4,154.6
2026,Malleswaram,64.4,156.8
2027,Malleswaram,65.5,159.0
2028,Malleswaram,66.6,161.2
2029,Malleswaram,67.6,163.4
2030,Malleswaram,68.7,165.5
2025,Icchanguru,63.4,154.6
2026,Icchanguru,64.4,156.8
2027,Icchanguru,65.5,159.0
2028,Icchanguru,66.6,161.2
2029,Icchanguru,67.6,163.4
2030,Icchanguru,68.7,165.5
2025,Shinganayakanahalli,63.4,154.6
2026,Shinganayakanahalli,64.4,156.8
2027,Shinganayakanahalli,65.5,159.0
2028,Shinganayakanahalli,66.6,161.2
2029,Shinganayakanahalli,67.6,163.4
2030,Shinganayakanahalli,68.7,165.5
2025,Austin Town,63.4,154.6
2026,Austin Town,64.4,156.8
2027,Austin Town,65.5,159.0
2028,Austin Town,66.6,161.2
2029,Austin Town,67.6,163.4
2030,Austin Town,68.7,165.5
2025,Vijaya Nagar,63.4,154.6
2026,Vijaya Nagar,64.4,156.8
2027,Vijaya Nagar,65.5,159.0
2028,Vijaya Nagar,66.6,161.2
2029,Vijaya Nagar,67.6,163.4
2030,Vijaya Nagar,68.7,165.5
2025,Mahalakshmi Layout,63.4,154.6
2026,Mahalakshmi Layout,64.4,156.8
2027,Mahalakshmi Layout,65.5,159.0
2028,Mahalakshmi Layout,66.6,161.2
2029,Mahalakshmi Layout,67.6,163.4
2030,Mahalakshmi Layout,68.7,165.5
2025,Chikkapete,63.4,154.6
2026,Chikkapete,64.4,156.8
2027,Chikkapete,65.5,159.0
2028,Chikkapete,66.6,161.2
2029,Chikkapete,67.6,163.4
2030,Chikkapete,68.7,165.5
2025,Jayanagar,63.4,154.6
2026,Jayanagar,64.4,156.8
2027,Jayanagar,65.5,159.0
2028,Jayanagar,66.6,161.2
2029,Jayanagar,67.6,163.4
2030,Jayanagar,68.7,165.5
2025,Nagasandra,63.4,154.6
2026,Nagasandra,64.4,156.8
2027,Nagasandra,65.5,159.0
2028,Nagasandra,66.6,161.2
2029,Nagasandra,67.6,163.4
2030,Nagasandra,68.7,165.5
2025,Marenahalli,63.4,154.6
2026,Marenahalli,64.4,156.8
2027,Marenahalli,65.5,159.0
2028,Marenahalli,66.6,161.2
2029,Marenahalli,67.6,163.4
2030,Marenahalli,68.7,165.5
2025,Banashankari,63.4,154.6
2026,Banashankari,64.4,156.8
2027,Banashankari,65.5,159.0
2028,Banashankari,66.6,161.2
2029,Banashankari,67.6,163.4
2030,Banashankari,68.7,165.5
2025,Banaswadi,63.4,154.6
2026,Banaswadi,64.4,156.8
2027,Banaswadi,65.5,159.0
2028,Banaswadi,66.6,161.2
2029,Banaswadi,67.6,163.4
2030,Banaswadi,68.7,165.5
2025,Vasanth Nagar,63.4,154.6
2026,Vasanth Nagar,64.4,156.8
2027,Vasanth Nagar,65.5,159.0
2028,Vasanth Nagar,66.6,161.2
2029,Vasanth Nagar,67.6,163.4
2030,Vasanth Nagar,68.7,165.5
2025,Gandhinagar,63.4,154.6
2026,Gandhinagar,64.4,156.8
2027,Gandhinagar,65.5,159.0
2028,Gandhinagar,66.6,161.2
2029,Gandhinagar,67.6,163.4
2030,Gandhinagar,68.7,165.5
2025,Richmond Town,63.4,154.6
2026,Richmond Town,64.4,156.8
2027,Richmond Town,65.5,159.0
2028,Richmond Town,66.6,161.2
2029,Richmond Town,67.6,163.4
2030,Richmond Town,68.7,165.5
2025,Bannerughatta,63.4,154.6
2026,Bannerughatta,64.4,156.8
2027,Bannerughatta,65.5,159.0
2028,Bannerughatta,66.6,161.2
2029,Bannerughatta,67.6,163.4
2030,Bannerughatta,68.7,165.5
2025,Basavanagudi,63.4,154.6
2026,Basavanagudi,64.4,156.8
2027,Basavanagudi,65.5,159.0
2028,Basavanagudi,66.6,161.2
2029,Basavanagudi,67.6,163.4
2030,Basavanagudi,68.7,165.5
2025,Basaveshwaranagar,63.4,154.6
2026,Basaveshwaranagar,64.4,156.8
2027,Basaveshwaranagar,65.5,159.0
2028,Basaveshwaranagar,66.6,161.2
2029,Basaveshwaranagar,67.6,163.4
2030,Basaveshwaranagar,68.7,165.5
2025,Haralur,63.4,154.6
2026,Haralur,64.4,156.8
2027,Haralur,65.5,159.0
2028,Haralur,66.6,161.2
2029,Haralur,67.6,163.4
2030,Haralur,68.7,165.5
2025,Frazer Town,63.4,154.6
2026,Frazer Town,64.4,156.8
2027,Frazer Town,65.5,159.0
2028,Frazer Town,66.6,161.2
2029,Frazer Town,67.6,163.4
2030,Frazer Town,68.7,165.5
2025,Bettahalasuru,63.4,154.6
2026,Bettahalasuru,64.4,156.8
2027,Bettahalasuru,65.5,159.0
2028,Bettahalasuru,66.6,161.2
2029,Bettahalasuru,67.6,163.4
2030,Bettahalasuru,68.7,165.5
2025,Rajajinagar,63.4,154.6
2026,Rajajinagar,64.4,156.8
2027,Rajajinagar,65.5,159.0
2028,Rajajinagar,66.6,161.2
2029,Rajajinagar,67.6,163.4
2030,Rajajinagar,68.7,165.5
2025,Byyappanahalli,63.4,154.6
2026,Byyappanahalli,64.4,156.8
2027,Byyappanahalli,65.5,159.0
2028,Byyappanahalli,66.6,161.2
2029,Byyappanahalli,67.6,163.4
2030,Byyappanahalli,68.7,165.5
2025,C V Raman Nagar,63.4,154.6
2026,C V Raman Nagar,64.4,156.8
2027,C V Raman Nagar,65.5,159.0
2028,C V Raman Nagar,66.6,161.2
2029,C V Raman Nagar,67.6,163.4
2030,C V Raman Nagar,68.7,165.5
2025,Chamarajapete,63.4,154.6
2026,Chamarajapete,64.4,156.8
2027,Chamarajapete,65.5,159.0
2028,Chamarajapete,66.6,161.2
2029,Chamarajapete,67.6,163.4
2030,Chamarajapete,68.7,165.5
2025,Vidyaranyapura,63.4,154.6
2026,Vidyaranyapura,64.4,156.8
2027,Vidyaranyapura,65.5,159.0
2028,Vidyaranyapura,66.6,161.2
2029,Vidyaranyapura,67.6,163.4
2030,Vidyaranyapura,68.7,165.5
2025,Uttarahalli,63.4,154.6
2026,Uttarahalli,64.4,156.8
2027,Uttarahalli,65.5,159.0
2028,Uttarahalli,66.6,161.2
2029,Uttarahalli,67.6,163.4
2030,Uttarahalli,68.7,165.5
2025,Puradhapalya,63.4,154.6
2026,Puradhapalya,64.4,156.8
2027,Puradhapalya,65.5,159.0
2028,Puradhapalya,66.6,161.2
2029,Puradhapalya,67.6,163.4
2030,Puradhapalya,68.7,165.5
2025,Hosamanegalu,63.4,154.6
2026,Hosamanegalu,64.4,156.8
2027,Hosamanegalu,65.5,159.0
2028,Hosamanegalu,66.6,161.2
2029,Hosamanegalu,67.6,163.4
2030,Hosamanegalu,68.7,165.5
2025,Krishnarajapuram,63.4,154.6
2026,Krishnarajapuram,64.4,156.8
2027,Krishnarajapuram,65.5,159.0
2028,Krishnarajapuram,66.6,161.2
2029,Krishnarajapuram,67.6,163.4
2030,Krishnarajapuram,68.7,165.5
2025,Badamanavarthekaval,63.4,154.6
2026,Badamanavarthekaval,64.4,156.8
2027,Badamanavarthekaval,65.5,159.0
2028,Badamanavarthekaval,66.6,161.2
2029,Badamanavarthekaval,67.6,163.4
2030,Badamanavarthekaval,68.7,165.5
2025,Marathahalli,63.4,154.6
2026,Marathahalli,64.4,156.8
2027,Marathahalli,65.5,159.0
2028,Marathahalli,66.6,161.2
2029,Marathahalli,67.6,163.4
2030,Marathahalli,68.7,165.5
2025,Sarjapura,63.4,154.6
2026,Sarjapura,64.4,156.8
2027,Sarjapura,65.5,159.0
2028,Sarjapura,66.6,161.2
2029,Sarjapura,67.6,163.4
2030,Sarjapura,68.7,165.5
2025,Ramamurthy Nagar,63.4,154.6
2026,Ramamurthy Nagar,64.4,156.8
2027,Ramamurthy Nagar,65.5,159.0
2028,Ramamurthy Nagar,66.6,161.2
2029,Ramamurthy Nagar,67.6,163.4
2030,Ramamurthy Nagar,68.7,165.5
2025,Electronic City,63.4,154.6
2026,Electronic City,64.4,156.8
2027,Electronic City,65.5,159.0
2028,Electronic City,66.6,161.2
2029,Electronic City,67.6,163.4
2030,Electronic City,68.7,165.5
2025,Sriramapuram,63.4,154.6
2026,Sriramapuram,64.4,156.8
2027,Sriramapuram,65.5,159.0
2028,Sriramapuram,66.6,161.2
2029,Sriramapuram,67.6,163.4
2030,Sriramapuram,68.7,165.5
2025,Yeswanthpur,63.4,154.6
2026,Yeswanthpur,64.4,156.8
2027,Yeswanthpur,65.5,159.0
2028,Yeswanthpur,66.6,161.2
2029,Yeswanthpur,67.6,163.4
2030,Yeswanthpur,68.7,165.5
2025,Jalahalli,63.4,154.6
2026,Jalahalli,64.4,156.8
2027,Jalahalli,65.5,159.0
2028,Jalahalli,66.6,161.2
2029,Jalahalli,67.6,163.4
2030,Jalahalli,68.7,165.5
2025,Gunjur,63.4,154.6
2026,Gunjur,64.4,156.8
2027,Gunjur,65.5,159.0
2028,Gunjur,66.6,161.2
2029,Gunjur,67.6,163.4
2030,Gunjur,68.7,165.5
2025,Halasuru,63.4,154.6
2026,Halasuru,64.4,156.8
2027,Halasuru,65.5,159.0
2028,Halasuru,66.6,161.2
2029,Halasuru,67.6,163.4
2030,Halasuru,68.7,165.5
2025,Shivajinagar,63.4,154.6
2026,Shivajinagar,64.4,156.8
2027,Shivajinagar,65.5,159.0
2028,Shivajinagar,66.6,161.2
2029,Shivajinagar,67.6,163.4
2030,Shivajinagar,68.7,165.5
2025,HSR Layout,63.4,154.6
2026,HSR Layout,64.4,156.8
2027,HSR Layout,65.5,159.0
2028,HSR Layout,66.6,161.2
2029,HSR Layout,67.6,163.4
2030,HSR Layout,68.7,165.5
2025,Hoodi,63.4,154.6
2026,Hoodi,64.4,156.8
2027,Hoodi,65.5,159.0
2028,Hoodi,66.6,161.2
2029,Hoodi,67.6,163.4
2030,Hoodi,68.7,165.5
2025,RMV 2nd Stage,63.4,154.6
2026,RMV 2nd Stage,64.4,156.8
2027,RMV 2nd Stage,65.5,159.0
2028,RMV 2nd Stage,66.6,161.2
2029,RMV 2nd Stage,67.6,163.4
2030,RMV 2nd Stage,68.7,165.5
2025,Whitefield,63.4,154.6
2026,Whitefield,64.4,156.8
2027,Whitefield,65.5,159.0
2028,Whitefield,66.6,161.2
2029,Whitefield,67.6,163.4
2030,Whitefield,68.7,165.5
2025,Indiranagar,63.4,154.6
2026,Indiranagar,64.4,156.8
2027,Indiranagar,65.5,159.0
2028,Indiranagar,66.6,161.2
2029,Indiranagar,67.6,163.4
2030,Indiranagar,68.7,165.5
2025,RT Nagar,63.4,154.6
2026,RT Nagar,64.4,156.8
2027,RT Nagar,65.5,159.0
2028,RT Nagar,66.6,161.2
2029,RT Nagar,67.6,163.4
2030,RT Nagar,68.7,165.5
2025,Lingarajapuram,63.4,154.6
2026,Lingarajapuram,64.4,156.8
2027,Lingarajapuram,65.5,159.0
2028,Lingarajapuram,66.6,161.2
2029,Lingarajapuram,67.6,163.4
2030,Lingarajapuram,68.7,165.5
2025,Rajarajeshwari Nagar,63.4,154.6
2026,Rajarajeshwari Nagar,64.4,156.8
2027,Rajarajeshwari Nagar,65.5,159.0
2028,Rajarajeshwari Nagar,66.6,161.2
2029,Rajarajeshwari Nagar,67.6,163.4
2030,Rajarajeshwari Nagar,68.7,165.5
2025,Kyalasanahalli,63.4,154.6
2026,Kyalasanahalli,64.4,156.8
2027,Kyalasanahalli,65.5,159.0
2028,Kyalasanahalli,66.6,161.2
2029,Kyalasanahalli,67.6,163.4
2030,Kyalasanahalli,68.7,165.5
2025,Chikkelluru Ramapura,63.4,154.6
2026,Chikkelluru Ramapura,64.4,156.8
2027,Chikkelluru Ramapura,65.5,159.0
2028,Chikkelluru Ramapura,66.6,161.2
2029,Chikkelluru Ramapura,67.6,163.4
2030,Chikkelluru Ramapura,68.7,165.5
2025,Mathikere,63.4,154.6
2026,Mathikere,64.4,156.8
2027,Mathikere,65.5,159.0
2028,Mathikere,66.6,161.2
2029,Mathikere,67.6,163.4
2030,Mathikere,68.7,165.5
2025,Kempapura Agrahara,63.4,154.6
2026,Kempapura Agrahara,64.4,156.8
2027,Kempapura Agrahara,65.5,159.0
2028,Kempapura Agrahara,66.6,161.2
2029,Kempapura Agrahara,67.6,163.4
2030,Kempapura Agrahara,68.7,165.5
2025,Baiyyappanahalli,63.4,154.6
2026,Baiyyappanahalli,64.4,156.8
2027,Baiyyappanahalli,65.5,159.0
2028,Baiyyappanahalli,66.6,161.2
2029,Baiyyappanahalli,67.6,163.4
2030,Baiyyappanahalli,68.7,165.5
2025,Narayanagatta,63.4,154.6
2026,Narayanagatta,64.4,156.8
2027,Narayanagatta,65.5,159.0
2028,Narayanagatta,66.6,161.2
2029,Narayanagatta,67.6,163.4
2030,Narayanagatta,68.7,165.5
2025,Nagarabhavi,63.4,154.6
2026,Nagarabhavi,64.4,156.8
2027,Nagarabhavi,65.5,159.0
2028,Nagarabhavi,66.6,161.2
2029,Nagarabhavi,67.6,163.4
2030,Nagarabhavi,68.7,165.5
2025,Kengeri,63.4,154.6
2026,Kengeri,64.4,156.8
2027,Kengeri,65.5,159.0
2028,Kengeri,66.6,161.2
2029,Kengeri,67.6,163.4
2030,Kengeri,68.7,165.5
2025,Sadashivanagar,63.4,154.6
2026,Sadashivanagar,64.4,156.8
2027,Sadashivanagar,65.5,159.0
2028,Sadashivanagar,66.6,161.2
2029,Sadashivanagar,67.6,163.4
2030,Sadashivanagar,68.7,165.5
2025,Herohalli,63.4,154.6
2026,Herohalli,64.4,156.8
2027,Herohalli,65.5,159.0
2028,Herohalli,66.6,161.2
2029,Herohalli,67.6,163.4
2030,Herohalli,68.7,165.5
