Year,Area,AQI,Rainfall (mm)
2014,Hunasamaranahalli,50,120 mm
2014,Koramangala,50,120 mm
2014,Sahakaranagara,50,120 mm
2014,Hebbal,50,120 mm
2014,Anekal,50,120 mm
2014,Anekal,50,120 mm
2014,Nagavara,50,120 mm
2014,Malleswaram,50,120 mm
2014,Icchanguru,50,120 mm
2014,Shinganayakanahalli,50,120 mm
2014,Austin Town,50,120 mm
2014,Vijaya Nagar,50,120 mm
2014,Mahalakshmi Layout,50,120 mm
2014,Chikkapete,50,120 mm
2014,Jayanagar,50,120 mm
2014,Shinganayakanahalli,50,120 mm
2014,Nagasandra,50,120 mm
2014,Marenahalli,50,120 mm
2014,Chikkapete,50,120 mm
2014,Banashankari,50,120 mm
2014,Banaswadi,50,120 mm
2014,Marenahalli,50,120 mm
2014,Vasanth Nagar,50,120 mm
2014,Chikkapete,50,120 mm
2014,Chikkapete,50,120 mm
2014,Gandhinagar,50,120 mm
2014,Chikkapete,50,120 mm
2014,Richmond Town,50,120 mm
2014,Vasanth Nagar,50,120 mm
2014,Bannerughatta,50,120 mm
2014,Vijaya Nagar,50,120 mm
2014,Basavanagudi,50,120 mm
2014,Chikkapete,50,120 mm
2014,Basaveshwaranagar,50,120 mm
2014,Mahalakshmi Layout,50,120 mm
2014,Haralur,50,120 mm
2014,Frazer Town,50,120 mm
2014,Anekal,50,120 mm
2014,Bettahalasuru,50,120 mm
2014,Rajajinagar,50,120 mm
2014,Byyappanahalli,50,120 mm
2014,Icchanguru,50,120 mm
2014,Byyappanahalli,50,120 mm
2014,Vasanth Nagar,50,120 mm
2014,Vijaya Nagar,50,120 mm
2014,C V Raman Nagar,50,120 mm
2014,Richmond Town,50,120 mm
2014,Shinganayakanahalli,50,120 mm
2014,Chikkapete,50,120 mm
2014,Chamarajapete,50,120 mm
2014,Chamarajapete,50,120 mm
2014,Vijaya Nagar,50,120 mm
2014,Chikkapete,50,120 mm
2014,Vidyaranyapura,50,120 mm
2014,Bettahalasuru,50,120 mm
2014,Uttarahalli,50,120 mm
2014,Puradhapalya,50,120 mm
2014,Puradhapalya,50,120 mm
2014,Vasanth Nagar,50,120 mm
2014,Vijaya Nagar,50,120 mm
2014,Hosamanegalu,50,120 mm
2014,Nagavara,50,120 mm
2014,Krishnarajapuram,50,120 mm
2014,Marenahalli,50,120 mm
2014,Bettahalasuru,50,120 mm
2014,Badamanavarthekaval,50,120 mm
2014,Marathahalli,50,120 mm
2014,Sarjapura,50,120 mm
2014,Ramamurthy Nagar,50,120 mm
2014,Vasanth Nagar,50,120 mm
2014,Electronic City,50,120 mm
2014,Frazer Town,50,120 mm
2014,Sriramapuram,50,120 mm
2014,Banashankari,50,120 mm
2014,Yeswanthpur,50,120 mm
2014,Vijaya Nagar,50,120 mm
2014,Vijaya Nagar,50,120 mm
2014,Jalahalli,50,120 mm
2014,Gunjur,50,120 mm
2014,Jalahalli,50,120 mm
2014,Hebbal,50,120 mm
2014,Halasuru,50,120 mm
2014,Shivajinagar,50,120 mm
2014,HSR Layout,50,120 mm
2014,Vijaya Nagar,50,120 mm
2014,Sarjapura,50,120 mm
2014,Anekal,50,120 mm
2014,Hebbal,50,120 mm
2014,Anekal,50,120 mm
2014,Vasanth Nagar,50,120 mm
2014,Hoodi,50,120 mm
2014,Banaswadi,50,120 mm
2014,Banashankari,50,120 mm
2014,Anekal,50,120 mm
2014,Halasuru,50,120 mm
2014,Bettahalasuru,50,120 mm
2014,RMV 2nd Stage,50,120 mm
2014,Whitefield,50,120 mm
2014,Anekal,50,120 mm
2014,Indiranagar,50,120 mm
2014,Indiranagar,50,120 mm
2014,Rajajinagar,50,120 mm
2014,Banashankari,50,120 mm
2014,RT Nagar,50,120 mm
2014,Shinganayakanahalli,50,120 mm
2014,Jalahalli,50,120 mm
2014,Jalahalli,50,120 mm
2014,Banaswadi,50,120 mm
2014,Jayanagar,50,120 mm
2014,Jayanagar,50,120 mm
2014,Basavanagudi,50,120 mm
2014,Jayanagar,50,120 mm
2014,Frazer Town,50,120 mm
2014,Whitefield,50,120 mm
2014,Anekal,50,120 mm
2014,Basaveshwaranagar,50,120 mm
2014,Gandhinagar,50,120 mm
2014,Malleswaram,50,120 mm
2014,Lingarajapuram,50,120 mm
2014,Puradhapalya,50,120 mm
2014,Hosamanegalu,50,120 mm
2014,Hosamanegalu,50,120 mm
2014,Banaswadi,50,120 mm
2014,Basaveshwaranagar,50,120 mm
2014,Hosamanegalu,50,120 mm
2014,Marenahalli,50,120 mm
2014,Mahalakshmi Layout,50,120 mm
2014,Banashankari,50,120 mm
2014,Rajarajeshwari Nagar,50,120 mm
2014,Koramangala,50,120 mm
2014,Shinganayakanahalli,50,120 mm
2014,Sahakaranagara,50,120 mm
2014,Badamanavarthekaval,50,120 mm
2014,Koramangala,50,120 mm
2014,Koramangala,50,120 mm
2014,Koramangala,50,120 mm
2014,Kyalasanahalli,50,120 mm
2014,Krishnarajapuram,50,120 mm
2014,Ramamurthy Nagar,50,120 mm
2014,Sarjapura,50,120 mm
2014,Chikkelluru Ramapura,50,120 mm
2014,Marathahalli,50,120 mm
2014,Basavanagudi,50,120 mm
2014,Vasanth Nagar,50,120 mm
2014,Lingarajapuram,50,120 mm
2014,Mathikere,50,120 mm
2014,Jayanagar,50,120 mm
2014,Kempapura Agrahara,50,120 mm
2014,Hoodi,50,120 mm
2014,Mahalakshmi Layout,50,120 mm
2014,Vasanth Nagar,50,120 mm
2014,Baiyyappanahalli,50,120 mm
2014,Malleswaram,50,120 mm
2014,Malleswaram,50,120 mm
2014,Baiyyappanahalli,50,120 mm
2014,Marathahalli,50,120 mm
2014,Anekal,50,120 mm
2014,Baiyyappanahalli,50,120 mm
2014,Mathikere,50,120 mm
2014,Basavanagudi,50,120 mm
2014,Icchanguru,50,120 mm
2014,Byyappanahalli,50,120 mm
2014,Hosamanegalu,50,120 mm
2014,Malleswaram,50,120 mm
2014,Mathikere,50,120 mm
2014,Byyappanahalli,50,120 mm
2014,Richmond Town,50,120 mm
2014,Narayanagatta,50,120 mm
2014,Gunjur,50,120 mm
2014,Hosamanegalu,50,120 mm
2014,Nagarabhavi,50,120 mm
2014,Nagasandra,50,120 mm
2014,Nagavara,50,120 mm
2014,Mahalakshmi Layout,50,120 mm
2014,Chikkapete,50,120 mm
2014,Vasanth Nagar,50,120 mm
2014,Rajarajeshwari Nagar,50,120 mm
2014,Icchanguru,50,120 mm
2014,Chikkapete,50,120 mm
2014,Sriramapuram,50,120 mm
2014,RT Nagar,50,120 mm
2014,Jayanagar,50,120 mm
2014,Malleswaram,50,120 mm
2014,Gunjur,50,120 mm
2014,Basavanagudi,50,120 mm
2014,RT Nagar,50,120 mm
2014,RMV 2nd Stage,50,120 mm
2014,Rajajinagar,50,120 mm
2014,Rajajinagar,50,120 mm
2014,Rajajinagar,50,120 mm
2014,Shinganayakanahalli,50,120 mm
2014,Rajarajeshwari Nagar,50,120 mm
2014,Vasanth Nagar,50,120 mm
2014,Sriramapuram,50,120 mm
2014,Whitefield,50,120 mm
2014,Nagavara,50,120 mm
2014,Ramamurthy Nagar,50,120 mm
2014,Marathahalli,50,120 mm
2014,Richmond Town,50,120 mm
2014,Kengeri,50,120 mm
2014,Sadashivanagar,50,120 mm
2014,Sahakaranagara,50,120 mm
2014,Anekal,50,120 mm
2014,Hosamanegalu,50,120 mm
2014,Sarjapura,50,120 mm
2014,Sadashivanagar,50,120 mm
2014,Malleswaram,50,120 mm
2014,Basavanagudi,50,120 mm
2014,Anekal,50,120 mm
2014,Shinganayakanahalli,50,120 mm
2014,Halasuru,50,120 mm
2014,Halasuru,50,120 mm
2014,Chikkapete,50,120 mm
2014,Sriramapuram,50,120 mm
2014,Koramangala,50,120 mm
2014,Lingarajapuram,50,120 mm
2014,Gandhinagar,50,120 mm
2014,Uttarahalli,50,120 mm
2014,Malleswaram,50,120 mm
2014,Bettahalasuru,50,120 mm
2014,Puradhapalya,50,120 mm
2014,Byyappanahalli,50,120 mm
2014,Anekal,50,120 mm
2014,Jayanagar,50,120 mm
2014,RT Nagar,50,120 mm
2014,Anekal,50,120 mm
2014,Gunjur,50,120 mm
2014,Vasanth Nagar,50,120 mm
2014,Malleswaram,50,120 mm
2014,Nagavara,50,120 mm
2014,Vasanth Nagar,50,120 mm
2014,Bettahalasuru,50,120 mm
2014,Vidyaranyapura,50,120 mm
2014,Vijaya Nagar,50,120 mm
2014,Vijaya Nagar,50,120 mm
2014,Byyappanahalli,50,120 mm
2014,Basavanagudi,50,120 mm
2014,Herohalli,50,120 mm
2014,Chamarajapete,50,120 mm
2014,Austin Town,50,120 mm
2014,Malleswaram,50,120 mm
2014,Shinganayakanahalli,50,120 mm
2014,Whitefield,50,120 mm
2014,Icchanguru,50,120 mm
2014,Jayanagar,50,120 mm
2014,Shinganayakanahalli,50,120 mm
2014,Shinganayakanahalli,50,120 mm
2014,Marathahalli,50,120 mm
2014,Yeswanthpur,50,120 mm
2014,Yeswanthpur,50,120 mm
2015,Hunasamaranahalli,52,130 mm
2015,Koramangala,52,130 mm
2015,Sahakaranagara,52,130 mm
2015,Hebbal,52,130 mm
2015,Anekal,52,130 mm
2015,Anekal,52,130 mm
2015,Nagavara,52,130 mm
2015,Malleswaram,52,130 mm
2015,Icchanguru,52,130 mm
2015,Shinganayakanahalli,52,130 mm
2015,Austin Town,52,130 mm
2015,Vijaya Nagar,52,130 mm
2015,Mahalakshmi Layout,52,130 mm
2015,Chikkapete,52,130 mm
2015,Jayanagar,52,130 mm
2015,Shinganayakanahalli,52,130 mm
2015,Nagasandra,52,130 mm
2015,Marenahalli,52,130 mm
2015,Chikkapete,52,130 mm
2015,Banashankari,52,130 mm
2015,Banaswadi,52,130 mm
2015,Marenahalli,52,130 mm
2015,Vasanth Nagar,52,130 mm
2015,Chikkapete,52,130 mm
2015,Chikkapete,52,130 mm
2015,Gandhinagar,52,130 mm
2015,Chikkapete,52,130 mm
2015,Richmond Town,52,130 mm
2015,Vasanth Nagar,52,130 mm
2015,Bannerughatta,52,130 mm
2015,Vijaya Nagar,52,130 mm
2015,Basavanagudi,52,130 mm
2015,Chikkapete,52,130 mm
2015,Basaveshwaranagar,52,130 mm
2015,Mahalakshmi Layout,52,130 mm
2015,Haralur,52,130 mm
2015,Frazer Town,52,130 mm
2015,Anekal,52,130 mm
2015,Bettahalasuru,52,130 mm
2015,Rajajinagar,52,130 mm
2015,Byyappanahalli,52,130 mm
2015,Icchanguru,52,130 mm
2015,Byyappanahalli,52,130 mm
2015,Vasanth Nagar,52,130 mm
2015,Vijaya Nagar,52,130 mm
2015,C V Raman Nagar,52,130 mm
2015,Richmond Town,52,130 mm
2015,Shinganayakanahalli,52,130 mm
2015,Chikkapete,52,130 mm
2015,Chamarajapete,52,130 mm
2015,Chamarajapete,52,130 mm
2015,Vijaya Nagar,52,130 mm
2015,Chikkapete,52,130 mm
2015,Vidyaranyapura,52,130 mm
2015,Bettahalasuru,52,130 mm
2015,Uttarahalli,52,130 mm
2015,Puradhapalya,52,130 mm
2015,Puradhapalya,52,130 mm
2015,Vasanth Nagar,52,130 mm
2015,Vijaya Nagar,52,130 mm
2015,Hosamanegalu,52,130 mm
2015,Nagavara,52,130 mm
2015,Krishnarajapuram,52,130 mm
2015,Marenahalli,52,130 mm
2015,Bettahalasuru,52,130 mm
2015,Badamanavarthekaval,52,130 mm
2015,Marathahalli,52,130 mm
2015,Sarjapura,52,130 mm
2015,Ramamurthy Nagar,52,130 mm
2015,Vasanth Nagar,52,130 mm
2015,Electronic City,52,130 mm
2015,Frazer Town,52,130 mm
2015,Sriramapuram,52,130 mm
2015,Banashankari,52,130 mm
2015,Yeswanthpur,52,130 mm
2015,Vijaya Nagar,52,130 mm
2015,Vijaya Nagar,52,130 mm
2015,Jalahalli,52,130 mm
2015,Gunjur,52,130 mm
2015,Jalahalli,52,130 mm
2015,Hebbal,52,130 mm
2015,Halasuru,52,130 mm
2015,Shivajinagar,52,130 mm
2015,HSR Layout,52,130 mm
2015,Vijaya Nagar,52,130 mm
2015,Sarjapura,52,130 mm
2015,Anekal,52,130 mm
2015,Hebbal,52,130 mm
2015,Anekal,52,130 mm
2015,Vasanth Nagar,52,130 mm
2015,Hoodi,52,130 mm
2015,Banaswadi,52,130 mm
2015,Banashankari,52,130 mm
2015,Anekal,52,130 mm
2015,Halasuru,52,130 mm
2015,Bettahalasuru,52,130 mm
2015,RMV 2nd Stage,52,130 mm
2015,Whitefield,52,130 mm
2015,Anekal,52,130 mm
2015,Indiranagar,52,130 mm
2015,Indiranagar,52,130 mm
2015,Rajajinagar,52,130 mm
2015,Banashankari,52,130 mm
2015,RT Nagar,52,130 mm
2015,Shinganayakanahalli,52,130 mm
2015,Jalahalli,52,130 mm
2015,Jalahalli,52,130 mm
2015,Banaswadi,52,130 mm
2015,Jayanagar,52,130 mm
2015,Jayanagar,52,130 mm
2015,Basavanagudi,52,130 mm
2015,Jayanagar,52,130 mm
2015,Frazer Town,52,130 mm
2015,Whitefield,52,130 mm
2015,Anekal,52,130 mm
2015,Basaveshwaranagar,52,130 mm
2015,Gandhinagar,52,130 mm
2015,Malleswaram,52,130 mm
2015,Lingarajapuram,52,130 mm
2015,Puradhapalya,52,130 mm
2015,Hosamanegalu,52,130 mm
2015,Hosamanegalu,52,130 mm
2015,Banaswadi,52,130 mm
2015,Basaveshwaranagar,52,130 mm
2015,Hosamanegalu,52,130 mm
2015,Marenahalli,52,130 mm
2015,Mahalakshmi Layout,52,130 mm
2015,Banashankari,52,130 mm
2015,Rajarajeshwari Nagar,52,130 mm
2015,Koramangala,52,130 mm
2015,Shinganayakanahalli,52,130 mm
2015,Sahakaranagara,52,130 mm
2015,Badamanavarthekaval,52,130 mm
2015,Koramangala,52,130 mm
2015,Koramangala,52,130 mm
2015,Koramangala,52,130 mm
2015,Kyalasanahalli,52,130 mm
2015,Krishnarajapuram,52,130 mm
2015,Ramamurthy Nagar,52,130 mm
2015,Sarjapura,52,130 mm
2015,Chikkelluru Ramapura,52,130 mm
2015,Marathahalli,52,130 mm
2015,Basavanagudi,52,130 mm
2015,Vasanth Nagar,52,130 mm
2015,Lingarajapuram,52,130 mm
2015,Mathikere,52,130 mm
2015,Jayanagar,52,130 mm
2015,Kempapura Agrahara,52,130 mm
2015,Hoodi,52,130 mm
2015,Mahalakshmi Layout,52,130 mm
2015,Vasanth Nagar,52,130 mm
2015,Baiyyappanahalli,52,130 mm
2015,Malleswaram,52,130 mm
2015,Malleswaram,52,130 mm
2015,Baiyyappanahalli,52,130 mm
2015,Marathahalli,52,130 mm
2015,Anekal,52,130 mm
2015,Baiyyappanahalli,52,130 mm
2015,Mathikere,52,130 mm
2015,Basavanagudi,52,130 mm
2015,Icchanguru,52,130 mm
2015,Byyappanahalli,52,130 mm
2015,Hosamanegalu,52,130 mm
2015,Malleswaram,52,130 mm
2015,Mathikere,52,130 mm
2015,Byyappanahalli,52,130 mm
2015,Richmond Town,52,130 mm
2015,Narayanagatta,52,130 mm
2015,Gunjur,52,130 mm
2015,Hosamanegalu,52,130 mm
2015,Nagarabhavi,52,130 mm
2015,Nagasandra,52,130 mm
2015,Nagavara,52,130 mm
2015,Mahalakshmi Layout,52,130 mm
2015,Chikkapete,52,130 mm
2015,Vasanth Nagar,52,130 mm
2015,Rajarajeshwari Nagar,52,130 mm
2015,Icchanguru,52,130 mm
2015,Chikkapete,52,130 mm
2015,Sriramapuram,52,130 mm
2015,RT Nagar,52,130 mm
2015,Jayanagar,52,130 mm
2015,Malleswaram,52,130 mm
2015,Gunjur,52,130 mm
2015,Basavanagudi,52,130 mm
2015,RT Nagar,52,130 mm
2015,RMV 2nd Stage,52,130 mm
2015,Rajajinagar,52,130 mm
2015,Rajajinagar,52,130 mm
2015,Rajajinagar,52,130 mm
2015,Shinganayakanahalli,52,130 mm
2015,Rajarajeshwari Nagar,52,130 mm
2015,Vasanth Nagar,52,130 mm
2015,Sriramapuram,52,130 mm
2015,Whitefield,52,130 mm
2015,Nagavara,52,130 mm
2015,Ramamurthy Nagar,52,130 mm
2015,Marathahalli,52,130 mm
2015,Richmond Town,52,130 mm
2015,Kengeri,52,130 mm
2015,Sadashivanagar,52,130 mm
2015,Sahakaranagara,52,130 mm
2015,Anekal,52,130 mm
2015,Hosamanegalu,52,130 mm
2015,Sarjapura,52,130 mm
2015,Sadashivanagar,52,130 mm
2015,Malleswaram,52,130 mm
2015,Basavanagudi,52,130 mm
2015,Anekal,52,130 mm
2015,Shinganayakanahalli,52,130 mm
2015,Halasuru,52,130 mm
2015,Halasuru,52,130 mm
2015,Chikkapete,52,130 mm
2015,Sriramapuram,52,130 mm
2015,Koramangala,52,130 mm
2015,Lingarajapuram,52,130 mm
2015,Gandhinagar,52,130 mm
2015,Uttarahalli,52,130 mm
2015,Malleswaram,52,130 mm
2015,Bettahalasuru,52,130 mm
2015,Puradhapalya,52,130 mm
2015,Byyappanahalli,52,130 mm
2015,Anekal,52,130 mm
2015,Jayanagar,52,130 mm
2015,RT Nagar,52,130 mm
2015,Anekal,52,130 mm
2015,Gunjur,52,130 mm
2015,Vasanth Nagar,52,130 mm
2015,Malleswaram,52,130 mm
2015,Nagavara,52,130 mm
2015,Vasanth Nagar,52,130 mm
2015,Bettahalasuru,52,130 mm
2015,Vidyaranyapura,52,130 mm
2015,Vijaya Nagar,52,130 mm
2015,Vijaya Nagar,52,130 mm
2015,Byyappanahalli,52,130 mm
2015,Basavanagudi,52,130 mm
2015,Herohalli,52,130 mm
2015,Chamarajapete,52,130 mm
2015,Austin Town,52,130 mm
2015,Malleswaram,52,130 mm
2015,Shinganayakanahalli,52,130 mm
2015,Whitefield,52,130 mm
2015,Icchanguru,52,130 mm
2015,Jayanagar,52,130 mm
2015,Shinganayakanahalli,52,130 mm
2015,Shinganayakanahalli,52,130 mm
2015,Marathahalli,52,130 mm
2015,Yeswanthpur,52,130 mm
2015,Yeswanthpur,52,130 mm
2016,Hunasamaranahalli,55,140 mm
2016,Koramangala,55,140 mm
2016,Sahakaranagara,55,140 mm
2016,Hebbal,55,140 mm
2016,Anekal,55,140 mm
2016,Anekal,55,140 mm
2016,Nagavara,55,140 mm
2016,Malleswaram,55,140 mm
2016,Icchanguru,55,140 mm
2016,Shinganayakanahalli,55,140 mm
2016,Austin Town,55,140 mm
2016,Vijaya Nagar,55,140 mm
2016,Mahalakshmi Layout,55,140 mm
2016,Chikkapete,55,140 mm
2016,Jayanagar,55,140 mm
2016,Shinganayakanahalli,55,140 mm
2016,Nagasandra,55,140 mm
2016,Marenahalli,55,140 mm
2016,Chikkapete,55,140 mm
2016,Banashankari,55,140 mm
2016,Banaswadi,55,140 mm
2016,Marenahalli,55,140 mm
2016,Vasanth Nagar,55,140 mm
2016,Chikkapete,55,140 mm
2016,Chikkapete,55,140 mm
2016,Gandhinagar,55,140 mm
2016,Chikkapete,55,140 mm
2016,Richmond Town,55,140 mm
2016,Vasanth Nagar,55,140 mm
2016,Bannerughatta,55,140 mm
2016,Vijaya Nagar,55,140 mm
2016,Basavanagudi,55,140 mm
2016,Chikkapete,55,140 mm
2016,Basaveshwaranagar,55,140 mm
2016,Mahalakshmi Layout,55,140 mm
2016,Haralur,55,140 mm
2016,Frazer Town,55,140 mm
2016,Anekal,55,140 mm
2016,Bettahalasuru,55,140 mm
2016,Rajajinagar,55,140 mm
2016,Byyappanahalli,55,140 mm
2016,Icchanguru,55,140 mm
2016,Byyappanahalli,55,140 mm
2016,Vasanth Nagar,55,140 mm
2016,Vijaya Nagar,55,140 mm
2016,C V Raman Nagar,55,140 mm
2016,Richmond Town,55,140 mm
2016,Shinganayakanahalli,55,140 mm
2016,Chikkapete,55,140 mm
2016,Chamarajapete,55,140 mm
2016,Chamarajapete,55,140 mm
2016,Vijaya Nagar,55,140 mm
2016,Chikkapete,55,140 mm
2016,Vidyaranyapura,55,140 mm
2016,Bettahalasuru,55,140 mm
2016,Uttarahalli,55,140 mm
2016,Puradhapalya,55,140 mm
2016,Puradhapalya,55,140 mm
2016,Vasanth Nagar,55,140 mm
2016,Vijaya Nagar,55,140 mm
2016,Hosamanegalu,55,140 mm
2016,Nagavara,55,140 mm
2016,Krishnarajapuram,55,140 mm
2016,Marenahalli,55,140 mm
2016,Bettahalasuru,55,140 mm
2016,Badamanavarthekaval,55,140 mm
2016,Marathahalli,55,140 mm
2016,Sarjapura,55,140 mm
2016,Ramamurthy Nagar,55,140 mm
2016,Vasanth Nagar,55,140 mm
2016,Electronic City,55,140 mm
2016,Frazer Town,55,140 mm
2016,Sriramapuram,55,140 mm
2016,Banashankari,55,140 mm
2016,Yeswanthpur,55,140 mm
2016,Vijaya Nagar,55,140 mm
2016,Vijaya Nagar,55,140 mm
2016,Jalahalli,55,140 mm
2016,Gunjur,55,140 mm
2016,Jalahalli,55,140 mm
2016,Hebbal,55,140 mm
2016,Halasuru,55,140 mm
2016,Shivajinagar,55,140 mm
2016,HSR Layout,55,140 mm
2016,Vijaya Nagar,55,140 mm
2016,Sarjapura,55,140 mm
2016,Anekal,55,140 mm
2016,Hebbal,55,140 mm
2016,Anekal,55,140 mm
2016,Vasanth Nagar,55,140 mm
2016,Hoodi,55,140 mm
2016,Banaswadi,55,140 mm
2016,Banashankari,55,140 mm
2016,Anekal,55,140 mm
2016,Halasuru,55,140 mm
2016,Bettahalasuru,55,140 mm
2016,RMV 2nd Stage,55,140 mm
2016,Whitefield,55,140 mm
2016,Anekal,55,140 mm
2016,Indiranagar,55,140 mm
2016,Indiranagar,55,140 mm
2016,Rajajinagar,55,140 mm
2016,Banashankari,55,140 mm
2016,RT Nagar,55,140 mm
2016,Shinganayakanahalli,55,140 mm
2016,Jalahalli,55,140 mm
2016,Jalahalli,55,140 mm
2016,Banaswadi,55,140 mm
2016,Jayanagar,55,140 mm
2016,Jayanagar,55,140 mm
2016,Basavanagudi,55,140 mm
2016,Jayanagar,55,140 mm
2016,Frazer Town,55,140 mm
2016,Whitefield,55,140 mm
2016,Anekal,55,140 mm
2016,Basaveshwaranagar,55,140 mm
2016,Gandhinagar,55,140 mm
2016,Malleswaram,55,140 mm
2016,Lingarajapuram,55,140 mm
2016,Puradhapalya,55,140 mm
2016,Hosamanegalu,55,140 mm
2016,Hosamanegalu,55,140 mm
2016,Banaswadi,55,140 mm
2016,Basaveshwaranagar,55,140 mm
2016,Hosamanegalu,55,140 mm
2016,Marenahalli,55,140 mm
2016,Mahalakshmi Layout,55,140 mm
2016,Banashankari,55,140 mm
2016,Rajarajeshwari Nagar,55,140 mm
2016,Koramangala,55,140 mm
2016,Shinganayakanahalli,55,140 mm
2016,Sahakaranagara,55,140 mm
2016,Badamanavarthekaval,55,140 mm
2016,Koramangala,55,140 mm
2016,Koramangala,55,140 mm
2016,Koramangala,55,140 mm
2016,Kyalasanahalli,55,140 mm
2016,Krishnarajapuram,55,140 mm
2016,Ramamurthy Nagar,55,140 mm
2016,Sarjapura,55,140 mm
2016,Chikkelluru Ramapura,55,140 mm
2016,Marathahalli,55,140 mm
2016,Basavanagudi,55,140 mm
2016,Vasanth Nagar,55,140 mm
2016,Lingarajapuram,55,140 mm
2016,Mathikere,55,140 mm
2016,Jayanagar,55,140 mm
2016,Kempapura Agrahara,55,140 mm
2016,Hoodi,55,140 mm
2016,Mahalakshmi Layout,55,140 mm
2016,Vasanth Nagar,55,140 mm
2016,Baiyyappanahalli,55,140 mm
2016,Malleswaram,55,140 mm
2016,Malleswaram,55,140 mm
2016,Baiyyappanahalli,55,140 mm
2016,Marathahalli,55,140 mm
2016,Anekal,55,140 mm
2016,Baiyyappanahalli,55,140 mm
2016,Mathikere,55,140 mm
2016,Basavanagudi,55,140 mm
2016,Icchanguru,55,140 mm
2016,Byyappanahalli,55,140 mm
2016,Hosamanegalu,55,140 mm
2016,Malleswaram,55,140 mm
2016,Mathikere,55,140 mm
2016,Byyappanahalli,55,140 mm
2016,Richmond Town,55,140 mm
2016,Narayanagatta,55,140 mm
2016,Gunjur,55,140 mm
2016,Hosamanegalu,55,140 mm
2016,Nagarabhavi,55,140 mm
2016,Nagasandra,55,140 mm
2016,Nagavara,55,140 mm
2016,Mahalakshmi Layout,55,140 mm
2016,Chikkapete,55,140 mm
2016,Vasanth Nagar,55,140 mm
2016,Rajarajeshwari Nagar,55,140 mm
2016,Icchanguru,55,140 mm
2016,Chikkapete,55,140 mm
2016,Sriramapuram,55,140 mm
2016,RT Nagar,55,140 mm
2016,Jayanagar,55,140 mm
2016,Malleswaram,55,140 mm
2016,Gunjur,55,140 mm
2016,Basavanagudi,55,140 mm
2016,RT Nagar,55,140 mm
2016,RMV 2nd Stage,55,140 mm
2016,Rajajinagar,55,140 mm
2016,Rajajinagar,55,140 mm
2016,Rajajinagar,55,140 mm
2016,Shinganayakanahalli,55,140 mm
2016,Rajarajeshwari Nagar,55,140 mm
2016,Vasanth Nagar,55,140 mm
2016,Sriramapuram,55,140 mm
2016,Whitefield,55,140 mm
2016,Nagavara,55,140 mm
2016,Ramamurthy Nagar,55,140 mm
2016,Marathahalli,55,140 mm
2016,Richmond Town,55,140 mm
2016,Kengeri,55,140 mm
2016,Sadashivanagar,55,140 mm
2016,Sahakaranagara,55,140 mm
2016,Anekal,55,140 mm
2016,Hosamanegalu,55,140 mm
2016,Sarjapura,55,140 mm
2016,Sadashivanagar,55,140 mm
2016,Malleswaram,55,140 mm
2016,Basavanagudi,55,140 mm
2016,Anekal,55,140 mm
2016,Shinganayakanahalli,55,140 mm
2016,Halasuru,55,140 mm
2016,Halasuru,55,140 mm
2016,Chikkapete,55,140 mm
2016,Sriramapuram,55,140 mm
2016,Koramangala,55,140 mm
2016,Lingarajapuram,55,140 mm
2016,Gandhinagar,55,140 mm
2016,Uttarahalli,55,140 mm
2016,Malleswaram,55,140 mm
2016,Bettahalasuru,55,140 mm
2016,Puradhapalya,55,140 mm
2016,Byyappanahalli,55,140 mm
2016,Anekal,55,140 mm
2016,Jayanagar,55,140 mm
2016,RT Nagar,55,140 mm
2016,Anekal,55,140 mm
2016,Gunjur,55,140 mm
2016,Vasanth Nagar,55,140 mm
2016,Malleswaram,55,140 mm
2016,Nagavara,55,140 mm
2016,Vasanth Nagar,55,140 mm
2016,Bettahalasuru,55,140 mm
2016,Vidyaranyapura,55,140 mm
2016,Vijaya Nagar,55,140 mm
2016,Vijaya Nagar,55,140 mm
2016,Byyappanahalli,55,140 mm
2016,Basavanagudi,55,140 mm
2016,Herohalli,55,140 mm
2016,Chamarajapete,55,140 mm
2016,Austin Town,55,140 mm
2016,Malleswaram,55,140 mm
2016,Shinganayakanahalli,55,140 mm
2016,Whitefield,55,140 mm
2016,Icchanguru,55,140 mm
2016,Jayanagar,55,140 mm
2016,Shinganayakanahalli,55,140 mm
2016,Shinganayakanahalli,55,140 mm
2016,Marathahalli,55,140 mm
2016,Yeswanthpur,55,140 mm
2016,Yeswanthpur,55,140 mm
2017,Hunasamaranahalli,57,135 mm
2017,Koramangala,57,135 mm
2017,Sahakaranagara,57,135 mm
2017,Hebbal,57,135 mm
2017,Anekal,57,135 mm
2017,Anekal,57,135 mm
2017,Nagavara,57,135 mm
2017,Malleswaram,57,135 mm
2017,Icchanguru,57,135 mm
2017,Shinganayakanahalli,57,135 mm
2017,Austin Town,57,135 mm
2017,Vijaya Nagar,57,135 mm
2017,Mahalakshmi Layout,57,135 mm
2017,Chikkapete,57,135 mm
2017,Jayanagar,57,135 mm
2017,Shinganayakanahalli,57,135 mm
2017,Nagasandra,57,135 mm
2017,Marenahalli,57,135 mm
2017,Chikkapete,57,135 mm
2017,Banashankari,57,135 mm
2017,Banaswadi,57,135 mm
2017,Marenahalli,57,135 mm
2017,Vasanth Nagar,57,135 mm
2017,Chikkapete,57,135 mm
2017,Chikkapete,57,135 mm
2017,Gandhinagar,57,135 mm
2017,Chikkapete,57,135 mm
2017,Richmond Town,57,135 mm
2017,Vasanth Nagar,57,135 mm
2017,Bannerughatta,57,135 mm
2017,Vijaya Nagar,57,135 mm
2017,Basavanagudi,57,135 mm
2017,Chikkapete,57,135 mm
2017,Basaveshwaranagar,57,135 mm
2017,Mahalakshmi Layout,57,135 mm
2017,Haralur,57,135 mm
2017,Frazer Town,57,135 mm
2017,Anekal,57,135 mm
2017,Bettahalasuru,57,135 mm
2017,Rajajinagar,57,135 mm
2017,Byyappanahalli,57,135 mm
2017,Icchanguru,57,135 mm
2017,Byyappanahalli,57,135 mm
2017,Vasanth Nagar,57,135 mm
2017,Vijaya Nagar,57,135 mm
2017,C V Raman Nagar,57,135 mm
2017,Richmond Town,57,135 mm
2017,Shinganayakanahalli,57,135 mm
2017,Chikkapete,57,135 mm
2017,Chamarajapete,57,135 mm
2017,Chamarajapete,57,135 mm
2017,Vijaya Nagar,57,135 mm
2017,Chikkapete,57,135 mm
2017,Vidyaranyapura,57,135 mm
2017,Bettahalasuru,57,135 mm
2017,Uttarahalli,57,135 mm
2017,Puradhapalya,57,135 mm
2017,Puradhapalya,57,135 mm
2017,Vasanth Nagar,57,135 mm
2017,Vijaya Nagar,57,135 mm
2017,Hosamanegalu,57,135 mm
2017,Nagavara,57,135 mm
2017,Krishnarajapuram,57,135 mm
2017,Marenahalli,57,135 mm
2017,Bettahalasuru,57,135 mm
2017,Badamanavarthekaval,57,135 mm
2017,Marathahalli,57,135 mm
2017,Sarjapura,57,135 mm
2017,Ramamurthy Nagar,57,135 mm
2017,Vasanth Nagar,57,135 mm
2017,Electronic City,57,135 mm
2017,Frazer Town,57,135 mm
2017,Sriramapuram,57,135 mm
2017,Banashankari,57,135 mm
2017,Yeswanthpur,57,135 mm
2017,Vijaya Nagar,57,135 mm
2017,Vijaya Nagar,57,135 mm
2017,Jalahalli,57,135 mm
2017,Gunjur,57,135 mm
2017,Jalahalli,57,135 mm
2017,Hebbal,57,135 mm
2017,Halasuru,57,135 mm
2017,Shivajinagar,57,135 mm
2017,HSR Layout,57,135 mm
2017,Vijaya Nagar,57,135 mm
2017,Sarjapura,57,135 mm
2017,Anekal,57,135 mm
2017,Hebbal,57,135 mm
2017,Anekal,57,135 mm
2017,Vasanth Nagar,57,135 mm
2017,Hoodi,57,135 mm
2017,Banaswadi,57,135 mm
2017,Banashankari,57,135 mm
2017,Anekal,57,135 mm
2017,Halasuru,57,135 mm
2017,Bettahalasuru,57,135 mm
2017,RMV 2nd Stage,57,135 mm
2017,Whitefield,57,135 mm
2017,Anekal,57,135 mm
2017,Indiranagar,57,135 mm
2017,Indiranagar,57,135 mm
2017,Rajajinagar,57,135 mm
2017,Banashankari,57,135 mm
2017,RT Nagar,57,135 mm
2017,Shinganayakanahalli,57,135 mm
2017,Jalahalli,57,135 mm
2017,Jalahalli,57,135 mm
2017,Banaswadi,57,135 mm
2017,Jayanagar,57,135 mm
2017,Jayanagar,57,135 mm
2017,Basavanagudi,57,135 mm
2017,Jayanagar,57,135 mm
2017,Frazer Town,57,135 mm
2017,Whitefield,57,135 mm
2017,Anekal,57,135 mm
2017,Basaveshwaranagar,57,135 mm
2017,Gandhinagar,57,135 mm
2017,Malleswaram,57,135 mm
2017,Lingarajapuram,57,135 mm
2017,Puradhapalya,57,135 mm
2017,Hosamanegalu,57,135 mm
2017,Hosamanegalu,57,135 mm
2017,Banaswadi,57,135 mm
2017,Basaveshwaranagar,57,135 mm
2017,Hosamanegalu,57,135 mm
2017,Marenahalli,57,135 mm
2017,Mahalakshmi Layout,57,135 mm
2017,Banashankari,57,135 mm
2017,Rajarajeshwari Nagar,57,135 mm
2017,Koramangala,57,135 mm
2017,Shinganayakanahalli,57,135 mm
2017,Sahakaranagara,57,135 mm
2017,Badamanavarthekaval,57,135 mm
2017,Koramangala,57,135 mm
2017,Koramangala,57,135 mm
2017,Koramangala,57,135 mm
2017,Kyalasanahalli,57,135 mm
2017,Krishnarajapuram,57,135 mm
2017,Ramamurthy Nagar,57,135 mm
2017,Sarjapura,57,135 mm
2017,Chikkelluru Ramapura,57,135 mm
2017,Marathahalli,57,135 mm
2017,Basavanagudi,57,135 mm
2017,Vasanth Nagar,57,135 mm
2017,Lingarajapuram,57,135 mm
2017,Mathikere,57,135 mm
2017,Jayanagar,57,135 mm
2017,Kempapura Agrahara,57,135 mm
2017,Hoodi,57,135 mm
2017,Mahalakshmi Layout,57,135 mm
2017,Vasanth Nagar,57,135 mm
2017,Baiyyappanahalli,57,135 mm
2017,Malleswaram,57,135 mm
2017,Malleswaram,57,135 mm
2017,Baiyyappanahalli,57,135 mm
2017,Marathahalli,57,135 mm
2017,Anekal,57,135 mm
2017,Baiyyappanahalli,57,135 mm
2017,Mathikere,57,135 mm
2017,Basavanagudi,57,135 mm
2017,Icchanguru,57,135 mm
2017,Byyappanahalli,57,135 mm
2017,Hosamanegalu,57,135 mm
2017,Malleswaram,57,135 mm
2017,Mathikere,57,135 mm
2017,Byyappanahalli,57,135 mm
2017,Richmond Town,57,135 mm
2017,Narayanagatta,57,135 mm
2017,Gunjur,57,135 mm
2017,Hosamanegalu,57,135 mm
2017,Nagarabhavi,57,135 mm
2017,Nagasandra,57,135 mm
2017,Nagavara,57,135 mm
2017,Mahalakshmi Layout,57,135 mm
2017,Chikkapete,57,135 mm
2017,Vasanth Nagar,57,135 mm
2017,Rajarajeshwari Nagar,57,135 mm
2017,Icchanguru,57,135 mm
2017,Chikkapete,57,135 mm
2017,Sriramapuram,57,135 mm
2017,RT Nagar,57,135 mm
2017,Jayanagar,57,135 mm
2017,Malleswaram,57,135 mm
2017,Gunjur,57,135 mm
2017,Basavanagudi,57,135 mm
2017,RT Nagar,57,135 mm
2017,RMV 2nd Stage,57,135 mm
2017,Rajajinagar,57,135 mm
2017,Rajajinagar,57,135 mm
2017,Rajajinagar,57,135 mm
2017,Shinganayakanahalli,57,135 mm
2017,Rajarajeshwari Nagar,57,135 mm
2017,Vasanth Nagar,57,135 mm
2017,Sriramapuram,57,135 mm
2017,Whitefield,57,135 mm
2017,Nagavara,57,135 mm
2017,Ramamurthy Nagar,57,135 mm
2017,Marathahalli,57,135 mm
2017,Richmond Town,57,135 mm
2017,Kengeri,57,135 mm
2017,Sadashivanagar,57,135 mm
2017,Sahakaranagara,57,135 mm
2017,Anekal,57,135 mm
2017,Hosamanegalu,57,135 mm
2017,Sarjapura,57,135 mm
2017,Sadashivanagar,57,135 mm
2017,Malleswaram,57,135 mm
2017,Basavanagudi,57,135 mm
2017,Anekal,57,135 mm
2017,Shinganayakanahalli,57,135 mm
2017,Halasuru,57,135 mm
2017,Halasuru,57,135 mm
2017,Chikkapete,57,135 mm
2017,Sriramapuram,57,135 mm
2017,Koramangala,57,135 mm
2017,Lingarajapuram,57,135 mm
2017,Gandhinagar,57,135 mm
2017,Uttarahalli,57,135 mm
2017,Malleswaram,57,135 mm
2017,Bettahalasuru,57,135 mm
2017,Puradhapalya,57,135 mm
2017,Byyappanahalli,57,135 mm
2017,Anekal,57,135 mm
2017,Jayanagar,57,135 mm
2017,RT Nagar,57,135 mm
2017,Anekal,57,135 mm
2017,Gunjur,57,135 mm
2017,Vasanth Nagar,57,135 mm
2017,Malleswaram,57,135 mm
2017,Nagavara,57,135 mm
2017,Vasanth Nagar,57,135 mm
2017,Bettahalasuru,57,135 mm
2017,Vidyaranyapura,57,135 mm
2017,Vijaya Nagar,57,135 mm
2017,Vijaya Nagar,57,135 mm
2017,Byyappanahalli,57,135 mm
2017,Basavanagudi,57,135 mm
2017,Herohalli,57,135 mm
2017,Chamarajapete,57,135 mm
2017,Austin Town,57,135 mm
2017,Malleswaram,57,135 mm
2017,Shinganayakanahalli,57,135 mm
2017,Whitefield,57,135 mm
2017,Icchanguru,57,135 mm
2017,Jayanagar,57,135 mm
2017,Shinganayakanahalli,57,135 mm
2017,Shinganayakanahalli,57,135 mm
2017,Marathahalli,57,135 mm
2017,Yeswanthpur,57,135 mm
2017,Yeswanthpur,57,135 mm
2018,Hunasamaranahalli,60,150 mm
2018,Koramangala,60,150 mm
2018,Sahakaranagara,60,150 mm
2018,Hebbal,60,150 mm
2018,Anekal,60,150 mm
2018,Anekal,60,150 mm
2018,Nagavara,60,150 mm
2018,Malleswaram,60,150 mm
2018,Icchanguru,60,150 mm
2018,Shinganayakanahalli,60,150 mm
2018,Austin Town,60,150 mm
2018,Vijaya Nagar,60,150 mm
2018,Mahalakshmi Layout,60,150 mm
2018,Chikkapete,60,150 mm
2018,Jayanagar,60,150 mm
2018,Shinganayakanahalli,60,150 mm
2018,Nagasandra,60,150 mm
2018,Marenahalli,60,150 mm
2018,Chikkapete,60,150 mm
2018,Banashankari,60,150 mm
2018,Banaswadi,60,150 mm
2018,Marenahalli,60,150 mm
2018,Vasanth Nagar,60,150 mm
2018,Chikkapete,60,150 mm
2018,Chikkapete,60,150 mm
2018,Gandhinagar,60,150 mm
2018,Chikkapete,60,150 mm
2018,Richmond Town,60,150 mm
2018,Vasanth Nagar,60,150 mm
2018,Bannerughatta,60,150 mm
2018,Vijaya Nagar,60,150 mm
2018,Basavanagudi,60,150 mm
2018,Chikkapete,60,150 mm
2018,Basaveshwaranagar,60,150 mm
2018,Mahalakshmi Layout,60,150 mm
2018,Haralur,60,150 mm
2018,Frazer Town,60,150 mm
2018,Anekal,60,150 mm
2018,Bettahalasuru,60,150 mm
2018,Rajajinagar,60,150 mm
2018,Byyappanahalli,60,150 mm
2018,Icchanguru,60,150 mm
2018,Byyappanahalli,60,150 mm
2018,Vasanth Nagar,60,150 mm
2018,Vijaya Nagar,60,150 mm
2018,C V Raman Nagar,60,150 mm
2018,Richmond Town,60,150 mm
2018,Shinganayakanahalli,60,150 mm
2018,Chikkapete,60,150 mm
2018,Chamarajapete,60,150 mm
2018,Chamarajapete,60,150 mm
2018,Vijaya Nagar,60,150 mm
2018,Chikkapete,60,150 mm
2018,Vidyaranyapura,60,150 mm
2018,Bettahalasuru,60,150 mm
2018,Uttarahalli,60,150 mm
2018,Puradhapalya,60,150 mm
2018,Puradhapalya,60,150 mm
2018,Vasanth Nagar,60,150 mm
2018,Vijaya Nagar,60,150 mm
2018,Hosamanegalu,60,150 mm
2018,Nagavara,60,150 mm
2018,Krishnarajapuram,60,150 mm
2018,Marenahalli,60,150 mm
2018,Bettahalasuru,60,150 mm
2018,Badamanavarthekaval,60,150 mm
2018,Marathahalli,60,150 mm
2018,Sarjapura,60,150 mm
2018,Ramamurthy Nagar,60,150 mm
2018,Vasanth Nagar,60,150 mm
2018,Electronic City,60,150 mm
2018,Frazer Town,60,150 mm
2018,Sriramapuram,60,150 mm
2018,Banashankari,60,150 mm
2018,Yeswanthpur,60,150 mm
2018,Vijaya Nagar,60,150 mm
2018,Vijaya Nagar,60,150 mm
2018,Jalahalli,60,150 mm
2018,Gunjur,60,150 mm
2018,Jalahalli,60,150 mm
2018,Hebbal,60,150 mm
2018,Halasuru,60,150 mm
2018,Shivajinagar,60,150 mm
2018,HSR Layout,60,150 mm
2018,Vijaya Nagar,60,150 mm
2018,Sarjapura,60,150 mm
2018,Anekal,60,150 mm
2018,Hebbal,60,150 mm
2018,Anekal,60,150 mm
2018,Vasanth Nagar,60,150 mm
2018,Hoodi,60,150 mm
2018,Banaswadi,60,150 mm
2018,Banashankari,60,150 mm
2018,Anekal,60,150 mm
2018,Halasuru,60,150 mm
2018,Bettahalasuru,60,150 mm
2018,RMV 2nd Stage,60,150 mm
2018,Whitefield,60,150 mm
2018,Anekal,60,150 mm
2018,Indiranagar,60,150 mm
2018,Indiranagar,60,150 mm
2018,Rajajinagar,60,150 mm
2018,Banashankari,60,150 mm
2018,RT Nagar,60,150 mm
2018,Shinganayakanahalli,60,150 mm
2018,Jalahalli,60,150 mm
2018,Jalahalli,60,150 mm
2018,Banaswadi,60,150 mm
2018,Jayanagar,60,150 mm
2018,Jayanagar,60,150 mm
2018,Basavanagudi,60,150 mm
2018,Jayanagar,60,150 mm
2018,Frazer Town,60,150 mm
2018,Whitefield,60,150 mm
2018,Anekal,60,150 mm
2018,Basaveshwaranagar,60,150 mm
2018,Gandhinagar,60,150 mm
2018,Malleswaram,60,150 mm
2018,Lingarajapuram,60,150 mm
2018,Puradhapalya,60,150 mm
2018,Hosamanegalu,60,150 mm
2018,Hosamanegalu,60,150 mm
2018,Banaswadi,60,150 mm
2018,Basaveshwaranagar,60,150 mm
2018,Hosamanegalu,60,150 mm
2018,Marenahalli,60,150 mm
2018,Mahalakshmi Layout,60,150 mm
2018,Banashankari,60,150 mm
2018,Rajarajeshwari Nagar,60,150 mm
2018,Koramangala,60,150 mm
2018,Shinganayakanahalli,60,150 mm
2018,Sahakaranagara,60,150 mm
2018,Badamanavarthekaval,60,150 mm
2018,Koramangala,60,150 mm
2018,Koramangala,60,150 mm
2018,Koramangala,60,150 mm
2018,Kyalasanahalli,60,150 mm
2018,Krishnarajapuram,60,150 mm
2018,Ramamurthy Nagar,60,150 mm
2018,Sarjapura,60,150 mm
2018,Chikkelluru Ramapura,60,150 mm
2018,Marathahalli,60,150 mm
2018,Basavanagudi,60,150 mm
2018,Vasanth Nagar,60,150 mm
2018,Lingarajapuram,60,150 mm
2018,Mathikere,60,150 mm
2018,Jayanagar,60,150 mm
2018,Kempapura Agrahara,60,150 mm
2018,Hoodi,60,150 mm
2018,Mahalakshmi Layout,60,150 mm
2018,Vasanth Nagar,60,150 mm
2018,Baiyyappanahalli,60,150 mm
2018,Malleswaram,60,150 mm
2018,Malleswaram,60,150 mm
2018,Baiyyappanahalli,60,150 mm
2018,Marathahalli,60,150 mm
2018,Anekal,60,150 mm
2018,Baiyyappanahalli,60,150 mm
2018,Mathikere,60,150 mm
2018,Basavanagudi,60,150 mm
2018,Icchanguru,60,150 mm
2018,Byyappanahalli,60,150 mm
2018,Hosamanegalu,60,150 mm
2018,Malleswaram,60,150 mm
2018,Mathikere,60,150 mm
2018,Byyappanahalli,60,150 mm
2018,Richmond Town,60,150 mm
2018,Narayanagatta,60,150 mm
2018,Gunjur,60,150 mm
2018,Hosamanegalu,60,150 mm
2018,Nagarabhavi,60,150 mm
2018,Nagasandra,60,150 mm
2018,Nagavara,60,150 mm
2018,Mahalakshmi Layout,60,150 mm
2018,Chikkapete,60,150 mm
2018,Vasanth Nagar,60,150 mm
2018,Rajarajeshwari Nagar,60,150 mm
2018,Icchanguru,60,150 mm
2018,Chikkapete,60,150 mm
2018,Sriramapuram,60,150 mm
2018,RT Nagar,60,150 mm
2018,Jayanagar,60,150 mm
2018,Malleswaram,60,150 mm
2018,Gunjur,60,150 mm
2018,Basavanagudi,60,150 mm
2018,RT Nagar,60,150 mm
2018,RMV 2nd Stage,60,150 mm
2018,Rajajinagar,60,150 mm
2018,Rajajinagar,60,150 mm
2018,Rajajinagar,60,150 mm
2018,Shinganayakanahalli,60,150 mm
2018,Rajarajeshwari Nagar,60,150 mm
2018,Vasanth Nagar,60,150 mm
2018,Sriramapuram,60,150 mm
2018,Whitefield,60,150 mm
2018,Nagavara,60,150 mm
2018,Ramamurthy Nagar,60,150 mm
2018,Marathahalli,60,150 mm
2018,Richmond Town,60,150 mm
2018,Kengeri,60,150 mm
2018,Sadashivanagar,60,150 mm
2018,Sahakaranagara,60,150 mm
2018,Anekal,60,150 mm
2018,Hosamanegalu,60,150 mm
2018,Sarjapura,60,150 mm
2018,Sadashivanagar,60,150 mm
2018,Malleswaram,60,150 mm
2018,Basavanagudi,60,150 mm
2018,Anekal,60,150 mm
2018,Shinganayakanahalli,60,150 mm
2018,Halasuru,60,150 mm
2018,Halasuru,60,150 mm
2018,Chikkapete,60,150 mm
2018,Sriramapuram,60,150 mm
2018,Koramangala,60,150 mm
2018,Lingarajapuram,60,150 mm
2018,Gandhinagar,60,150 mm
2018,Uttarahalli,60,150 mm
2018,Malleswaram,60,150 mm
2018,Bettahalasuru,60,150 mm
2018,Puradhapalya,60,150 mm
2018,Byyappanahalli,60,150 mm
2018,Anekal,60,150 mm
2018,Jayanagar,60,150 mm
2018,RT Nagar,60,150 mm
2018,Anekal,60,150 mm
2018,Gunjur,60,150 mm
2018,Vasanth Nagar,60,150 mm
2018,Malleswaram,60,150 mm
2018,Nagavara,60,150 mm
2018,Vasanth Nagar,60,150 mm
2018,Bettahalasuru,60,150 mm
2018,Vidyaranyapura,60,150 mm
2018,Vijaya Nagar,60,150 mm
2018,Vijaya Nagar,60,150 mm
2018,Byyappanahalli,60,150 mm
2018,Basavanagudi,60,150 mm
2018,Herohalli,60,150 mm
2018,Chamarajapete,60,150 mm
2018,Austin Town,60,150 mm
2018,Malleswaram,60,150 mm
2018,Shinganayakanahalli,60,150 mm
2018,Whitefield,60,150 mm
2018,Icchanguru,60,150 mm
2018,Jayanagar,60,150 mm
2018,Shinganayakanahalli,60,150 mm
2018,Shinganayakanahalli,60,150 mm
2018,Marathahalli,60,150 mm
2018,Yeswanthpur,60,150 mm
2018,Yeswanthpur,60,150 mm
2019,Hunasamaranahalli,63,145 mm
2019,Koramangala,63,145 mm
2019,Sahakaranagara,63,145 mm
2019,Hebbal,63,145 mm
2019,Anekal,63,145 mm
2019,Anekal,63,145 mm
2019,Nagavara,63,145 mm
2019,Malleswaram,63,145 mm
2019,Icchanguru,63,145 mm
2019,Shinganayakanahalli,63,145 mm
2019,Austin Town,63,145 mm
2019,Vijaya Nagar,63,145 mm
2019,Mahalakshmi Layout,63,145 mm
2019,Chikkapete,63,145 mm
2019,Jayanagar,63,145 mm
2019,Shinganayakanahalli,63,145 mm
2019,Nagasandra,63,145 mm
2019,Marenahalli,63,145 mm
2019,Chikkapete,63,145 mm
2019,Banashankari,63,145 mm
2019,Banaswadi,63,145 mm
2019,Marenahalli,63,145 mm
2019,Vasanth Nagar,63,145 mm
2019,Chikkapete,63,145 mm
2019,Chikkapete,63,145 mm
2019,Gandhinagar,63,145 mm
2019,Chikkapete,63,145 mm
2019,Richmond Town,63,145 mm
2019,Vasanth Nagar,63,145 mm
2019,Bannerughatta,63,145 mm
2019,Vijaya Nagar,63,145 mm
2019,Basavanagudi,63,145 mm
2019,Chikkapete,63,145 mm
2019,Basaveshwaranagar,63,145 mm
2019,Mahalakshmi Layout,63,145 mm
2019,Haralur,63,145 mm
2019,Frazer Town,63,145 mm
2019,Anekal,63,145 mm
2019,Bettahalasuru,63,145 mm
2019,Rajajinagar,63,145 mm
2019,Byyappanahalli,63,145 mm
2019,Icchanguru,63,145 mm
2019,Byyappanahalli,63,145 mm
2019,Vasanth Nagar,63,145 mm
2019,Vijaya Nagar,63,145 mm
2019,C V Raman Nagar,63,145 mm
2019,Richmond Town,63,145 mm
2019,Shinganayakanahalli,63,145 mm
2019,Chikkapete,63,145 mm
2019,Chamarajapete,63,145 mm
2019,Chamarajapete,63,145 mm
2019,Vijaya Nagar,63,145 mm
2019,Chikkapete,63,145 mm
2019,Vidyaranyapura,63,145 mm
2019,Bettahalasuru,63,145 mm
2019,Uttarahalli,63,145 mm
2019,Puradhapalya,63,145 mm
2019,Puradhapalya,63,145 mm
2019,Vasanth Nagar,63,145 mm
2019,Vijaya Nagar,63,145 mm
2019,Hosamanegalu,63,145 mm
2019,Nagavara,63,145 mm
2019,Krishnarajapuram,63,145 mm
2019,Marenahalli,63,145 mm
2019,Bettahalasuru,63,145 mm
2019,Badamanavarthekaval,63,145 mm
2019,Marathahalli,63,145 mm
2019,Sarjapura,63,145 mm
2019,Ramamurthy Nagar,63,145 mm
2019,Vasanth Nagar,63,145 mm
2019,Electronic City,63,145 mm
2019,Frazer Town,63,145 mm
2019,Sriramapuram,63,145 mm
2019,Banashankari,63,145 mm
2019,Yeswanthpur,63,145 mm
2019,Vijaya Nagar,63,145 mm
2019,Vijaya Nagar,63,145 mm
2019,Jalahalli,63,145 mm
2019,Gunjur,63,145 mm
2019,Jalahalli,63,145 mm
2019,Hebbal,63,145 mm
2019,Halasuru,63,145 mm
2019,Shivajinagar,63,145 mm
2019,HSR Layout,63,145 mm
2019,Vijaya Nagar,63,145 mm
2019,Sarjapura,63,145 mm
2019,Anekal,63,145 mm
2019,Hebbal,63,145 mm
2019,Anekal,63,145 mm
2019,Vasanth Nagar,63,145 mm
2019,Hoodi,63,145 mm
2019,Banaswadi,63,145 mm
2019,Banashankari,63,145 mm
2019,Anekal,63,145 mm
2019,Halasuru,63,145 mm
2019,Bettahalasuru,63,145 mm
2019,RMV 2nd Stage,63,145 mm
2019,Whitefield,63,145 mm
2019,Anekal,63,145 mm
2019,Indiranagar,63,145 mm
2019,Indiranagar,63,145 mm
2019,Rajajinagar,63,145 mm
2019,Banashankari,63,145 mm
2019,RT Nagar,63,145 mm
2019,Shinganayakanahalli,63,145 mm
2019,Jalahalli,63,145 mm
2019,Jalahalli,63,145 mm
2019,Banaswadi,63,145 mm
2019,Jayanagar,63,145 mm
2019,Jayanagar,63,145 mm
2019,Basavanagudi,63,145 mm
2019,Jayanagar,63,145 mm
2019,Frazer Town,63,145 mm
2019,Whitefield,63,145 mm
2019,Anekal,63,145 mm
2019,Basaveshwaranagar,63,145 mm
2019,Gandhinagar,63,145 mm
2019,Malleswaram,63,145 mm
2019,Lingarajapuram,63,145 mm
2019,Puradhapalya,63,145 mm
2019,Hosamanegalu,63,145 mm
2019,Hosamanegalu,63,145 mm
2019,Banaswadi,63,145 mm
2019,Basaveshwaranagar,63,145 mm
2019,Hosamanegalu,63,145 mm
2019,Marenahalli,63,145 mm
2019,Mahalakshmi Layout,63,145 mm
2019,Banashankari,63,145 mm
2019,Rajarajeshwari Nagar,63,145 mm
2019,Koramangala,63,145 mm
2019,Shinganayakanahalli,63,145 mm
2019,Sahakaranagara,63,145 mm
2019,Badamanavarthekaval,63,145 mm
2019,Koramangala,63,145 mm
2019,Koramangala,63,145 mm
2019,Koramangala,63,145 mm
2019,Kyalasanahalli,63,145 mm
2019,Krishnarajapuram,63,145 mm
2019,Ramamurthy Nagar,63,145 mm
2019,Sarjapura,63,145 mm
2019,Chikkelluru Ramapura,63,145 mm
2019,Marathahalli,63,145 mm
2019,Basavanagudi,63,145 mm
2019,Vasanth Nagar,63,145 mm
2019,Lingarajapuram,63,145 mm
2019,Mathikere,63,145 mm
2019,Jayanagar,63,145 mm
2019,Kempapura Agrahara,63,145 mm
2019,Hoodi,63,145 mm
2019,Mahalakshmi Layout,63,145 mm
2019,Vasanth Nagar,63,145 mm
2019,Baiyyappanahalli,63,145 mm
2019,Malleswaram,63,145 mm
2019,Malleswaram,63,145 mm
2019,Baiyyappanahalli,63,145 mm
2019,Marathahalli,63,145 mm
2019,Anekal,63,145 mm
2019,Baiyyappanahalli,63,145 mm
2019,Mathikere,63,145 mm
2019,Basavanagudi,63,145 mm
2019,Icchanguru,63,145 mm
2019,Byyappanahalli,63,145 mm
2019,Hosamanegalu,63,145 mm
2019,Malleswaram,63,145 mm
2019,Mathikere,63,145 mm
2019,Byyappanahalli,63,145 mm
2019,Richmond Town,63,145 mm
2019,Narayanagatta,63,145 mm
2019,Gunjur,63,145 mm
2019,Hosamanegalu,63,145 mm
2019,Nagarabhavi,63,145 mm
2019,Nagasandra,63,145 mm
2019,Nagavara,63,145 mm
2019,Mahalakshmi Layout,63,145 mm
2019,Chikkapete,63,145 mm
2019,Vasanth Nagar,63,145 mm
2019,Rajarajeshwari Nagar,63,145 mm
2019,Icchanguru,63,145 mm
2019,Chikkapete,63,145 mm
2019,Sriramapuram,63,145 mm
2019,RT Nagar,63,145 mm
2019,Jayanagar,63,145 mm
2019,Malleswaram,63,145 mm
2019,Gunjur,63,145 mm
2019,Basavanagudi,63,145 mm
2019,RT Nagar,63,145 mm
2019,RMV 2nd Stage,63,145 mm
2019,Rajajinagar,63,145 mm
2019,Rajajinagar,63,145 mm
2019,Rajajinagar,63,145 mm
2019,Shinganayakanahalli,63,145 mm
2019,Rajarajeshwari Nagar,63,145 mm
2019,Vasanth Nagar,63,145 mm
2019,Sriramapuram,63,145 mm
2019,Whitefield,63,145 mm
2019,Nagavara,63,145 mm
2019,Ramamurthy Nagar,63,145 mm
2019,Marathahalli,63,145 mm
2019,Richmond Town,63,145 mm
2019,Kengeri,63,145 mm
2019,Sadashivanagar,63,145 mm
2019,Sahakaranagara,63,145 mm
2019,Anekal,63,145 mm
2019,Hosamanegalu,63,145 mm
2019,Sarjapura,63,145 mm
2019,Sadashivanagar,63,145 mm
2019,Malleswaram,63,145 mm
2019,Basavanagudi,63,145 mm
2019,Anekal,63,145 mm
2019,Shinganayakanahalli,63,145 mm
2019,Halasuru,63,145 mm
2019,Halasuru,63,145 mm
2019,Chikkapete,63,145 mm
2019,Sriramapuram,63,145 mm
2019,Koramangala,63,145 mm
2019,Lingarajapuram,63,145 mm
2019,Gandhinagar,63,145 mm
2019,Uttarahalli,63,145 mm
2019,Malleswaram,63,145 mm
2019,Bettahalasuru,63,145 mm
2019,Puradhapalya,63,145 mm
2019,Byyappanahalli,63,145 mm
2019,Anekal,63,145 mm
2019,Jayanagar,63,145 mm
2019,RT Nagar,63,145 mm
2019,Anekal,63,145 mm
2019,Gunjur,63,145 mm
2019,Vasanth Nagar,63,145 mm
2019,Malleswaram,63,145 mm
2019,Nagavara,63,145 mm
2019,Vasanth Nagar,63,145 mm
2019,Bettahalasuru,63,145 mm
2019,Vidyaranyapura,63,145 mm
2019,Vijaya Nagar,63,145 mm
2019,Vijaya Nagar,63,145 mm
2019,Byyappanahalli,63,145 mm
2019,Basavanagudi,63,145 mm
2019,Herohalli,63,145 mm
2019,Chamarajapete,63,145 mm
2019,Austin Town,63,145 mm
2019,Malleswaram,63,145 mm
2019,Shinganayakanahalli,63,145 mm
2019,Whitefield,63,145 mm
2019,Icchanguru,63,145 mm
2019,Jayanagar,63,145 mm
2019,Shinganayakanahalli,63,145 mm
2019,Shinganayakanahalli,63,145 mm
2019,Marathahalli,63,145 mm
2019,Yeswanthpur,63,145 mm
2019,Yeswanthpur,63,145 mm
2020,Hunasamaranahalli,45,160 mm
2020,Koramangala,45,160 mm
2020,Sahakaranagara,45,160 mm
2020,Hebbal,45,160 mm
2020,Anekal,45,160 mm
2020,Anekal,45,160 mm
2020,Nagavara,45,160 mm
2020,Malleswaram,45,160 mm
2020,Icchanguru,45,160 mm
2020,Shinganayakanahalli,45,160 mm
2020,Austin Town,45,160 mm
2020,Vijaya Nagar,45,160 mm
2020,Mahalakshmi Layout,45,160 mm
2020,Chikkapete,45,160 mm
2020,Jayanagar,45,160 mm
2020,Shinganayakanahalli,45,160 mm
2020,Nagasandra,45,160 mm
2020,Marenahalli,45,160 mm
2020,Chikkapete,45,160 mm
2020,Banashankari,45,160 mm
2020,Banaswadi,45,160 mm
2020,Marenahalli,45,160 mm
2020,Vasanth Nagar,45,160 mm
2020,Chikkapete,45,160 mm
2020,Chikkapete,45,160 mm
2020,Gandhinagar,45,160 mm
2020,Chikkapete,45,160 mm
2020,Richmond Town,45,160 mm
2020,Vasanth Nagar,45,160 mm
2020,Bannerughatta,45,160 mm
2020,Vijaya Nagar,45,160 mm
2020,Basavanagudi,45,160 mm
2020,Chikkapete,45,160 mm
2020,Basaveshwaranagar,45,160 mm
2020,Mahalakshmi Layout,45,160 mm
2020,Haralur,45,160 mm
2020,Frazer Town,45,160 mm
2020,Anekal,45,160 mm
2020,Bettahalasuru,45,160 mm
2020,Rajajinagar,45,160 mm
2020,Byyappanahalli,45,160 mm
2020,Icchanguru,45,160 mm
2020,Byyappanahalli,45,160 mm
2020,Vasanth Nagar,45,160 mm
2020,Vijaya Nagar,45,160 mm
2020,C V Raman Nagar,45,160 mm
2020,Richmond Town,45,160 mm
2020,Shinganayakanahalli,45,160 mm
2020,Chikkapete,45,160 mm
2020,Chamarajapete,45,160 mm
2020,Chamarajapete,45,160 mm
2020,Vijaya Nagar,45,160 mm
2020,Chikkapete,45,160 mm
2020,Vidyaranyapura,45,160 mm
2020,Bettahalasuru,45,160 mm
2020,Uttarahalli,45,160 mm
2020,Puradhapalya,45,160 mm
2020,Puradhapalya,45,160 mm
2020,Vasanth Nagar,45,160 mm
2020,Vijaya Nagar,45,160 mm
2020,Hosamanegalu,45,160 mm
2020,Nagavara,45,160 mm
2020,Krishnarajapuram,45,160 mm
2020,Marenahalli,45,160 mm
2020,Bettahalasuru,45,160 mm
2020,Badamanavarthekaval,45,160 mm
2020,Marathahalli,45,160 mm
2020,Sarjapura,45,160 mm
2020,Ramamurthy Nagar,45,160 mm
2020,Vasanth Nagar,45,160 mm
2020,Electronic City,45,160 mm
2020,Frazer Town,45,160 mm
2020,Sriramapuram,45,160 mm
2020,Banashankari,45,160 mm
2020,Yeswanthpur,45,160 mm
2020,Vijaya Nagar,45,160 mm
2020,Vijaya Nagar,45,160 mm
2020,Jalahalli,45,160 mm
2020,Gunjur,45,160 mm
2020,Jalahalli,45,160 mm
2020,Hebbal,45,160 mm
2020,Halasuru,45,160 mm
2020,Shivajinagar,45,160 mm
2020,HSR Layout,45,160 mm
2020,Vijaya Nagar,45,160 mm
2020,Sarjapura,45,160 mm
2020,Anekal,45,160 mm
2020,Hebbal,45,160 mm
2020,Anekal,45,160 mm
2020,Vasanth Nagar,45,160 mm
2020,Hoodi,45,160 mm
2020,Banaswadi,45,160 mm
2020,Banashankari,45,160 mm
2020,Anekal,45,160 mm
2020,Halasuru,45,160 mm
2020,Bettahalasuru,45,160 mm
2020,RMV 2nd Stage,45,160 mm
2020,Whitefield,45,160 mm
2020,Anekal,45,160 mm
2020,Indiranagar,45,160 mm
2020,Indiranagar,45,160 mm
2020,Rajajinagar,45,160 mm
2020,Banashankari,45,160 mm
2020,RT Nagar,45,160 mm
2020,Shinganayakanahalli,45,160 mm
2020,Jalahalli,45,160 mm
2020,Jalahalli,45,160 mm
2020,Banaswadi,45,160 mm
2020,Jayanagar,45,160 mm
2020,Jayanagar,45,160 mm
2020,Basavanagudi,45,160 mm
2020,Jayanagar,45,160 mm
2020,Frazer Town,45,160 mm
2020,Whitefield,45,160 mm
2020,Anekal,45,160 mm
2020,Basaveshwaranagar,45,160 mm
2020,Gandhinagar,45,160 mm
2020,Malleswaram,45,160 mm
2020,Lingarajapuram,45,160 mm
2020,Puradhapalya,45,160 mm
2020,Hosamanegalu,45,160 mm
2020,Hosamanegalu,45,160 mm
2020,Banaswadi,45,160 mm
2020,Basaveshwaranagar,45,160 mm
2020,Hosamanegalu,45,160 mm
2020,Marenahalli,45,160 mm
2020,Mahalakshmi Layout,45,160 mm
2020,Banashankari,45,160 mm
2020,Rajarajeshwari Nagar,45,160 mm
2020,Koramangala,45,160 mm
2020,Shinganayakanahalli,45,160 mm
2020,Sahakaranagara,45,160 mm
2020,Badamanavarthekaval,45,160 mm
2020,Koramangala,45,160 mm
2020,Koramangala,45,160 mm
2020,Koramangala,45,160 mm
2020,Kyalasanahalli,45,160 mm
2020,Krishnarajapuram,45,160 mm
2020,Ramamurthy Nagar,45,160 mm
2020,Sarjapura,45,160 mm
2020,Chikkelluru Ramapura,45,160 mm
2020,Marathahalli,45,160 mm
2020,Basavanagudi,45,160 mm
2020,Vasanth Nagar,45,160 mm
2020,Lingarajapuram,45,160 mm
2020,Mathikere,45,160 mm
2020,Jayanagar,45,160 mm
2020,Kempapura Agrahara,45,160 mm
2020,Hoodi,45,160 mm
2020,Mahalakshmi Layout,45,160 mm
2020,Vasanth Nagar,45,160 mm
2020,Baiyyappanahalli,45,160 mm
2020,Malleswaram,45,160 mm
2020,Malleswaram,45,160 mm
2020,Baiyyappanahalli,45,160 mm
2020,Marathahalli,45,160 mm
2020,Anekal,45,160 mm
2020,Baiyyappanahalli,45,160 mm
2020,Mathikere,45,160 mm
2020,Basavanagudi,45,160 mm
2020,Icchanguru,45,160 mm
2020,Byyappanahalli,45,160 mm
2020,Hosamanegalu,45,160 mm
2020,Malleswaram,45,160 mm
2020,Mathikere,45,160 mm
2020,Byyappanahalli,45,160 mm
2020,Richmond Town,45,160 mm
2020,Narayanagatta,45,160 mm
2020,Gunjur,45,160 mm
2020,Hosamanegalu,45,160 mm
2020,Nagarabhavi,45,160 mm
2020,Nagasandra,45,160 mm
2020,Nagavara,45,160 mm
2020,Mahalakshmi Layout,45,160 mm
2020,Chikkapete,45,160 mm
2020,Vasanth Nagar,45,160 mm
2020,Rajarajeshwari Nagar,45,160 mm
2020,Icchanguru,45,160 mm
2020,Chikkapete,45,160 mm
2020,Sriramapuram,45,160 mm
2020,RT Nagar,45,160 mm
2020,Jayanagar,45,160 mm
2020,Malleswaram,45,160 mm
2020,Gunjur,45,160 mm
2020,Basavanagudi,45,160 mm
2020,RT Nagar,45,160 mm
2020,RMV 2nd Stage,45,160 mm
2020,Rajajinagar,45,160 mm
2020,Rajajinagar,45,160 mm
2020,Rajajinagar,45,160 mm
2020,Shinganayakanahalli,45,160 mm
2020,Rajarajeshwari Nagar,45,160 mm
2020,Vasanth Nagar,45,160 mm
2020,Sriramapuram,45,160 mm
2020,Whitefield,45,160 mm
2020,Nagavara,45,160 mm
2020,Ramamurthy Nagar,45,160 mm
2020,Marathahalli,45,160 mm
2020,Richmond Town,45,160 mm
2020,Kengeri,45,160 mm
2020,Sadashivanagar,45,160 mm
2020,Sahakaranagara,45,160 mm
2020,Anekal,45,160 mm
2020,Hosamanegalu,45,160 mm
2020,Sarjapura,45,160 mm
2020,Sadashivanagar,45,160 mm
2020,Malleswaram,45,160 mm
2020,Basavanagudi,45,160 mm
2020,Anekal,45,160 mm
2020,Shinganayakanahalli,45,160 mm
2020,Halasuru,45,160 mm
2020,Halasuru,45,160 mm
2020,Chikkapete,45,160 mm
2020,Sriramapuram,45,160 mm
2020,Koramangala,45,160 mm
2020,Lingarajapuram,45,160 mm
2020,Gandhinagar,45,160 mm
2020,Uttarahalli,45,160 mm
2020,Malleswaram,45,160 mm
2020,Bettahalasuru,45,160 mm
2020,Puradhapalya,45,160 mm
2020,Byyappanahalli,45,160 mm
2020,Anekal,45,160 mm
2020,Jayanagar,45,160 mm
2020,RT Nagar,45,160 mm
2020,Anekal,45,160 mm
2020,Gunjur,45,160 mm
2020,Vasanth Nagar,45,160 mm
2020,Malleswaram,45,160 mm
2020,Nagavara,45,160 mm
2020,Vasanth Nagar,45,160 mm
2020,Bettahalasuru,45,160 mm
2020,Vidyaranyapura,45,160 mm
2020,Vijaya Nagar,45,160 mm
2020,Vijaya Nagar,45,160 mm
2020,Byyappanahalli,45,160 mm
2020,Basavanagudi,45,160 mm
2020,Herohalli,45,160 mm
2020,Chamarajapete,45,160 mm
2020,Austin Town,45,160 mm
2020,Malleswaram,45,160 mm
2020,Shinganayakanahalli,45,160 mm
2020,Whitefield,45,160 mm
2020,Icchanguru,45,160 mm
2020,Jayanagar,45,160 mm
2020,Shinganayakanahalli,45,160 mm
2020,Shinganayakanahalli,45,160 mm
2020,Marathahalli,45,160 mm
2020,Yeswanthpur,45,160 mm
2020,Yeswanthpur,45,160 mm
2021,Hunasamaranahalli,58,138 mm
2021,Koramangala,58,138 mm
2021,Sahakaranagara,58,138 mm
2021,Hebbal,58,138 mm
2021,Anekal,58,138 mm
2021,Anekal,58,138 mm
2021,Nagavara,58,138 mm
2021,Malleswaram,58,138 mm
2021,Icchanguru,58,138 mm
2021,Shinganayakanahalli,58,138 mm
2021,Austin Town,58,138 mm
2021,Vijaya Nagar,58,138 mm
2021,Mahalakshmi Layout,58,138 mm
2021,Chikkapete,58,138 mm
2021,Jayanagar,58,138 mm
2021,Shinganayakanahalli,58,138 mm
2021,Nagasandra,58,138 mm
2021,Marenahalli,58,138 mm
2021,Chikkapete,58,138 mm
2021,Banashankari,58,138 mm
2021,Banaswadi,58,138 mm
2021,Marenahalli,58,138 mm
2021,Vasanth Nagar,58,138 mm
2021,Chikkapete,58,138 mm
2021,Chikkapete,58,138 mm
2021,Gandhinagar,58,138 mm
2021,Chikkapete,58,138 mm
2021,Richmond Town,58,138 mm
2021,Vasanth Nagar,58,138 mm
2021,Bannerughatta,58,138 mm
2021,Vijaya Nagar,58,138 mm
2021,Basavanagudi,58,138 mm
2021,Chikkapete,58,138 mm
2021,Basaveshwaranagar,58,138 mm
2021,Mahalakshmi Layout,58,138 mm
2021,Haralur,58,138 mm
2021,Frazer Town,58,138 mm
2021,Anekal,58,138 mm
2021,Bettahalasuru,58,138 mm
2021,Rajajinagar,58,138 mm
2021,Byyappanahalli,58,138 mm
2021,Icchanguru,58,138 mm
2021,Byyappanahalli,58,138 mm
2021,Vasanth Nagar,58,138 mm
2021,Vijaya Nagar,58,138 mm
2021,C V Raman Nagar,58,138 mm
2021,Richmond Town,58,138 mm
2021,Shinganayakanahalli,58,138 mm
2021,Chikkapete,58,138 mm
2021,Chamarajapete,58,138 mm
2021,Chamarajapete,58,138 mm
2021,Vijaya Nagar,58,138 mm
2021,Chikkapete,58,138 mm
2021,Vidyaranyapura,58,138 mm
2021,Bettahalasuru,58,138 mm
2021,Uttarahalli,58,138 mm
2021,Puradhapalya,58,138 mm
2021,Puradhapalya,58,138 mm
2021,Vasanth Nagar,58,138 mm
2021,Vijaya Nagar,58,138 mm
2021,Hosamanegalu,58,138 mm
2021,Nagavara,58,138 mm
2021,Krishnarajapuram,58,138 mm
2021,Marenahalli,58,138 mm
2021,Bettahalasuru,58,138 mm
2021,Badamanavarthekaval,58,138 mm
2021,Marathahalli,58,138 mm
2021,Sarjapura,58,138 mm
2021,Ramamurthy Nagar,58,138 mm
2021,Vasanth Nagar,58,138 mm
2021,Electronic City,58,138 mm
2021,Frazer Town,58,138 mm
2021,Sriramapuram,58,138 mm
2021,Banashankari,58,138 mm
2021,Yeswanthpur,58,138 mm
2021,Vijaya Nagar,58,138 mm
2021,Vijaya Nagar,58,138 mm
2021,Jalahalli,58,138 mm
2021,Gunjur,58,138 mm
2021,Jalahalli,58,138 mm
2021,Hebbal,58,138 mm
2021,Halasuru,58,138 mm
2021,Shivajinagar,58,138 mm
2021,HSR Layout,58,138 mm
2021,Vijaya Nagar,58,138 mm
2021,Sarjapura,58,138 mm
2021,Anekal,58,138 mm
2021,Hebbal,58,138 mm
2021,Anekal,58,138 mm
2021,Vasanth Nagar,58,138 mm
2021,Hoodi,58,138 mm
2021,Banaswadi,58,138 mm
2021,Banashankari,58,138 mm
2021,Anekal,58,138 mm
2021,Halasuru,58,138 mm
2021,Bettahalasuru,58,138 mm
2021,RMV 2nd Stage,58,138 mm
2021,Whitefield,58,138 mm
2021,Anekal,58,138 mm
2021,Indiranagar,58,138 mm
2021,Indiranagar,58,138 mm
2021,Rajajinagar,58,138 mm
2021,Banashankari,58,138 mm
2021,RT Nagar,58,138 mm
2021,Shinganayakanahalli,58,138 mm
2021,Jalahalli,58,138 mm
2021,Jalahalli,58,138 mm
2021,Banaswadi,58,138 mm
2021,Jayanagar,58,138 mm
2021,Jayanagar,58,138 mm
2021,Basavanagudi,58,138 mm
2021,Jayanagar,58,138 mm
2021,Frazer Town,58,138 mm
2021,Whitefield,58,138 mm
2021,Anekal,58,138 mm
2021,Basaveshwaranagar,58,138 mm
2021,Gandhinagar,58,138 mm
2021,Malleswaram,58,138 mm
2021,Lingarajapuram,58,138 mm
2021,Puradhapalya,58,138 mm
2021,Hosamanegalu,58,138 mm
2021,Hosamanegalu,58,138 mm
2021,Banaswadi,58,138 mm
2021,Basaveshwaranagar,58,138 mm
2021,Hosamanegalu,58,138 mm
2021,Marenahalli,58,138 mm
2021,Mahalakshmi Layout,58,138 mm
2021,Banashankari,58,138 mm
2021,Rajarajeshwari Nagar,58,138 mm
2021,Koramangala,58,138 mm
2021,Shinganayakanahalli,58,138 mm
2021,Sahakaranagara,58,138 mm
2021,Badamanavarthekaval,58,138 mm
2021,Koramangala,58,138 mm
2021,Koramangala,58,138 mm
2021,Koramangala,58,138 mm
2021,Kyalasanahalli,58,138 mm
2021,Krishnarajapuram,58,138 mm
2021,Ramamurthy Nagar,58,138 mm
2021,Sarjapura,58,138 mm
2021,Chikkelluru Ramapura,58,138 mm
2021,Marathahalli,58,138 mm
2021,Basavanagudi,58,138 mm
2021,Vasanth Nagar,58,138 mm
2021,Lingarajapuram,58,138 mm
2021,Mathikere,58,138 mm
2021,Jayanagar,58,138 mm
2021,Kempapura Agrahara,58,138 mm
2021,Hoodi,58,138 mm
2021,Mahalakshmi Layout,58,138 mm
2021,Vasanth Nagar,58,138 mm
2021,Baiyyappanahalli,58,138 mm
2021,Malleswaram,58,138 mm
2021,Malleswaram,58,138 mm
2021,Baiyyappanahalli,58,138 mm
2021,Marathahalli,58,138 mm
2021,Anekal,58,138 mm
2021,Baiyyappanahalli,58,138 mm
2021,Mathikere,58,138 mm
2021,Basavanagudi,58,138 mm
2021,Icchanguru,58,138 mm
2021,Byyappanahalli,58,138 mm
2021,Hosamanegalu,58,138 mm
2021,Malleswaram,58,138 mm
2021,Mathikere,58,138 mm
2021,Byyappanahalli,58,138 mm
2021,Richmond Town,58,138 mm
2021,Narayanagatta,58,138 mm
2021,Gunjur,58,138 mm
2021,Hosamanegalu,58,138 mm
2021,Nagarabhavi,58,138 mm
2021,Nagasandra,58,138 mm
2021,Nagavara,58,138 mm
2021,Mahalakshmi Layout,58,138 mm
2021,Chikkapete,58,138 mm
2021,Vasanth Nagar,58,138 mm
2021,Rajarajeshwari Nagar,58,138 mm
2021,Icchanguru,58,138 mm
2021,Chikkapete,58,138 mm
2021,Sriramapuram,58,138 mm
2021,RT Nagar,58,138 mm
2021,Jayanagar,58,138 mm
2021,Malleswaram,58,138 mm
2021,Gunjur,58,138 mm
2021,Basavanagudi,58,138 mm
2021,RT Nagar,58,138 mm
2021,RMV 2nd Stage,58,138 mm
2021,Rajajinagar,58,138 mm
2021,Rajajinagar,58,138 mm
2021,Rajajinagar,58,138 mm
2021,Shinganayakanahalli,58,138 mm
2021,Rajarajeshwari Nagar,58,138 mm
2021,Vasanth Nagar,58,138 mm
2021,Sriramapuram,58,138 mm
2021,Whitefield,58,138 mm
2021,Nagavara,58,138 mm
2021,Ramamurthy Nagar,58,138 mm
2021,Marathahalli,58,138 mm
2021,Richmond Town,58,138 mm
2021,Kengeri,58,138 mm
2021,Sadashivanagar,58,138 mm
2021,Sahakaranagara,58,138 mm
2021,Anekal,58,138 mm
2021,Hosamanegalu,58,138 mm
2021,Sarjapura,58,138 mm
2021,Sadashivanagar,58,138 mm
2021,Malleswaram,58,138 mm
2021,Basavanagudi,58,138 mm
2021,Anekal,58,138 mm
2021,Shinganayakanahalli,58,138 mm
2021,Halasuru,58,138 mm
2021,Halasuru,58,138 mm
2021,Chikkapete,58,138 mm
2021,Sriramapuram,58,138 mm
2021,Koramangala,58,138 mm
2021,Lingarajapuram,58,138 mm
2021,Gandhinagar,58,138 mm
2021,Uttarahalli,58,138 mm
2021,Malleswaram,58,138 mm
2021,Bettahalasuru,58,138 mm
2021,Puradhapalya,58,138 mm
2021,Byyappanahalli,58,138 mm
2021,Anekal,58,138 mm
2021,Jayanagar,58,138 mm
2021,RT Nagar,58,138 mm
2021,Anekal,58,138 mm
2021,Gunjur,58,138 mm
2021,Vasanth Nagar,58,138 mm
2021,Malleswaram,58,138 mm
2021,Nagavara,58,138 mm
2021,Vasanth Nagar,58,138 mm
2021,Bettahalasuru,58,138 mm
2021,Vidyaranyapura,58,138 mm
2021,Vijaya Nagar,58,138 mm
2021,Vijaya Nagar,58,138 mm
2021,Byyappanahalli,58,138 mm
2021,Basavanagudi,58,138 mm
2021,Herohalli,58,138 mm
2021,Chamarajapete,58,138 mm
2021,Austin Town,58,138 mm
2021,Malleswaram,58,138 mm
2021,Shinganayakanahalli,58,138 mm
2021,Whitefield,58,138 mm
2021,Icchanguru,58,138 mm
2021,Jayanagar,58,138 mm
2021,Shinganayakanahalli,58,138 mm
2021,Shinganayakanahalli,58,138 mm
2021,Marathahalli,58,138 mm
2021,Yeswanthpur,58,138 mm
2021,Yeswanthpur,58,138 mm
2022,Hunasamaranahalli,60,142 mm
2022,Koramangala,60,142 mm
2022,Sahakaranagara,60,142 mm
2022,Hebbal,60,142 mm
2022,Anekal,60,142 mm
2022,Anekal,60,142 mm
2022,Nagavara,60,142 mm
2022,Malleswaram,60,142 mm
2022,Icchanguru,60,142 mm
2022,Shinganayakanahalli,60,142 mm
2022,Austin Town,60,142 mm
2022,Vijaya Nagar,60,142 mm
2022,Mahalakshmi Layout,60,142 mm
2022,Chikkapete,60,142 mm
2022,Jayanagar,60,142 mm
2022,Shinganayakanahalli,60,142 mm
2022,Nagasandra,60,142 mm
2022,Marenahalli,60,142 mm
2022,Chikkapete,60,142 mm
2022,Banashankari,60,142 mm
2022,Banaswadi,60,142 mm
2022,Marenahalli,60,142 mm
2022,Vasanth Nagar,60,142 mm
2022,Chikkapete,60,142 mm
2022,Chikkapete,60,142 mm
2022,Gandhinagar,60,142 mm
2022,Chikkapete,60,142 mm
2022,Richmond Town,60,142 mm
2022,Vasanth Nagar,60,142 mm
2022,Bannerughatta,60,142 mm
2022,Vijaya Nagar,60,142 mm
2022,Basavanagudi,60,142 mm
2022,Chikkapete,60,142 mm
2022,Basaveshwaranagar,60,142 mm
2022,Mahalakshmi Layout,60,142 mm
2022,Haralur,60,142 mm
2022,Frazer Town,60,142 mm
2022,Anekal,60,142 mm
2022,Bettahalasuru,60,142 mm
2022,Rajajinagar,60,142 mm
2022,Byyappanahalli,60,142 mm
2022,Icchanguru,60,142 mm
2022,Byyappanahalli,60,142 mm
2022,Vasanth Nagar,60,142 mm
2022,Vijaya Nagar,60,142 mm
2022,C V Raman Nagar,60,142 mm
2022,Richmond Town,60,142 mm
2022,Shinganayakanahalli,60,142 mm
2022,Chikkapete,60,142 mm
2022,Chamarajapete,60,142 mm
2022,Chamarajapete,60,142 mm
2022,Vijaya Nagar,60,142 mm
2022,Chikkapete,60,142 mm
2022,Vidyaranyapura,60,142 mm
2022,Bettahalasuru,60,142 mm
2022,Uttarahalli,60,142 mm
2022,Puradhapalya,60,142 mm
2022,Puradhapalya,60,142 mm
2022,Vasanth Nagar,60,142 mm
2022,Vijaya Nagar,60,142 mm
2022,Hosamanegalu,60,142 mm
2022,Nagavara,60,142 mm
2022,Krishnarajapuram,60,142 mm
2022,Marenahalli,60,142 mm
2022,Bettahalasuru,60,142 mm
2022,Badamanavarthekaval,60,142 mm
2022,Marathahalli,60,142 mm
2022,Sarjapura,60,142 mm
2022,Ramamurthy Nagar,60,142 mm
2022,Vasanth Nagar,60,142 mm
2022,Electronic City,60,142 mm
2022,Frazer Town,60,142 mm
2022,Sriramapuram,60,142 mm
2022,Banashankari,60,142 mm
2022,Yeswanthpur,60,142 mm
2022,Vijaya Nagar,60,142 mm
2022,Vijaya Nagar,60,142 mm
2022,Jalahalli,60,142 mm
2022,Gunjur,60,142 mm
2022,Jalahalli,60,142 mm
2022,Hebbal,60,142 mm
2022,Halasuru,60,142 mm
2022,Shivajinagar,60,142 mm
2022,HSR Layout,60,142 mm
2022,Vijaya Nagar,60,142 mm
2022,Sarjapura,60,142 mm
2022,Anekal,60,142 mm
2022,Hebbal,60,142 mm
2022,Anekal,60,142 mm
2022,Vasanth Nagar,60,142 mm
2022,Hoodi,60,142 mm
2022,Banaswadi,60,142 mm
2022,Banashankari,60,142 mm
2022,Anekal,60,142 mm
2022,Halasuru,60,142 mm
2022,Bettahalasuru,60,142 mm
2022,RMV 2nd Stage,60,142 mm
2022,Whitefield,60,142 mm
2022,Anekal,60,142 mm
2022,Indiranagar,60,142 mm
2022,Indiranagar,60,142 mm
2022,Rajajinagar,60,142 mm
2022,Banashankari,60,142 mm
2022,RT Nagar,60,142 mm
2022,Shinganayakanahalli,60,142 mm
2022,Jalahalli,60,142 mm
2022,Jalahalli,60,142 mm
2022,Banaswadi,60,142 mm
2022,Jayanagar,60,142 mm
2022,Jayanagar,60,142 mm
2022,Basavanagudi,60,142 mm
2022,Jayanagar,60,142 mm
2022,Frazer Town,60,142 mm
2022,Whitefield,60,142 mm
2022,Anekal,60,142 mm
2022,Basaveshwaranagar,60,142 mm
2022,Gandhinagar,60,142 mm
2022,Malleswaram,60,142 mm
2022,Lingarajapuram,60,142 mm
2022,Puradhapalya,60,142 mm
2022,Hosamanegalu,60,142 mm
2022,Hosamanegalu,60,142 mm
2022,Banaswadi,60,142 mm
2022,Basaveshwaranagar,60,142 mm
2022,Hosamanegalu,60,142 mm
2022,Marenahalli,60,142 mm
2022,Mahalakshmi Layout,60,142 mm
2022,Banashankari,60,142 mm
2022,Rajarajeshwari Nagar,60,142 mm
2022,Koramangala,60,142 mm
2022,Shinganayakanahalli,60,142 mm
2022,Sahakaranagara,60,142 mm
2022,Badamanavarthekaval,60,142 mm
2022,Koramangala,60,142 mm
2022,Koramangala,60,142 mm
2022,Koramangala,60,142 mm
2022,Kyalasanahalli,60,142 mm
2022,Krishnarajapuram,60,142 mm
2022,Ramamurthy Nagar,60,142 mm
2022,Sarjapura,60,142 mm
2022,Chikkelluru Ramapura,60,142 mm
2022,Marathahalli,60,142 mm
2022,Basavanagudi,60,142 mm
2022,Vasanth Nagar,60,142 mm
2022,Lingarajapuram,60,142 mm
2022,Mathikere,60,142 mm
2022,Jayanagar,60,142 mm
2022,Kempapura Agrahara,60,142 mm
2022,Hoodi,60,142 mm
2022,Mahalakshmi Layout,60,142 mm
2022,Vasanth Nagar,60,142 mm
2022,Baiyyappanahalli,60,142 mm
2022,Malleswaram,60,142 mm
2022,Malleswaram,60,142 mm
2022,Baiyyappanahalli,60,142 mm
2022,Marathahalli,60,142 mm
2022,Anekal,60,142 mm
2022,Baiyyappanahalli,60,142 mm
2022,Mathikere,60,142 mm
2022,Basavanagudi,60,142 mm
2022,Icchanguru,60,142 mm
2022,Byyappanahalli,60,142 mm
2022,Hosamanegalu,60,142 mm
2022,Malleswaram,60,142 mm
2022,Mathikere,60,142 mm
2022,Byyappanahalli,60,142 mm
2022,Richmond Town,60,142 mm
2022,Narayanagatta,60,142 mm
2022,Gunjur,60,142 mm
2022,Hosamanegalu,60,142 mm
2022,Nagarabhavi,60,142 mm
2022,Nagasandra,60,142 mm
2022,Nagavara,60,142 mm
2022,Mahalakshmi Layout,60,142 mm
2022,Chikkapete,60,142 mm
2022,Vasanth Nagar,60,142 mm
2022,Rajarajeshwari Nagar,60,142 mm
2022,Icchanguru,60,142 mm
2022,Chikkapete,60,142 mm
2022,Sriramapuram,60,142 mm
2022,RT Nagar,60,142 mm
2022,Jayanagar,60,142 mm
2022,Malleswaram,60,142 mm
2022,Gunjur,60,142 mm
2022,Basavanagudi,60,142 mm
2022,RT Nagar,60,142 mm
2022,RMV 2nd Stage,60,142 mm
2022,Rajajinagar,60,142 mm
2022,Rajajinagar,60,142 mm
2022,Rajajinagar,60,142 mm
2022,Shinganayakanahalli,60,142 mm
2022,Rajarajeshwari Nagar,60,142 mm
2022,Vasanth Nagar,60,142 mm
2022,Sriramapuram,60,142 mm
2022,Whitefield,60,142 mm
2022,Nagavara,60,142 mm
2022,Ramamurthy Nagar,60,142 mm
2022,Marathahalli,60,142 mm
2022,Richmond Town,60,142 mm
2022,Kengeri,60,142 mm
2022,Sadashivanagar,60,142 mm
2022,Sahakaranagara,60,142 mm
2022,Anekal,60,142 mm
2022,Hosamanegalu,60,142 mm
2022,Sarjapura,60,142 mm
2022,Sadashivanagar,60,142 mm
2022,Malleswaram,60,142 mm
2022,Basavanagudi,60,142 mm
2022,Anekal,60,142 mm
2022,Shinganayakanahalli,60,142 mm
2022,Halasuru,60,142 mm
2022,Halasuru,60,142 mm
2022,Chikkapete,60,142 mm
2022,Sriramapuram,60,142 mm
2022,Koramangala,60,142 mm
2022,Lingarajapuram,60,142 mm
2022,Gandhinagar,60,142 mm
2022,Uttarahalli,60,142 mm
2022,Malleswaram,60,142 mm
2022,Bettahalasuru,60,142 mm
2022,Puradhapalya,60,142 mm
2022,Byyappanahalli,60,142 mm
2022,Anekal,60,142 mm
2022,Jayanagar,60,142 mm
2022,RT Nagar,60,142 mm
2022,Anekal,60,142 mm
2022,Gunjur,60,142 mm
2022,Vasanth Nagar,60,142 mm
2022,Malleswaram,60,142 mm
2022,Nagavara,60,142 mm
2022,Vasanth Nagar,60,142 mm
2022,Bettahalasuru,60,142 mm
2022,Vidyaranyapura,60,142 mm
2022,Vijaya Nagar,60,142 mm
2022,Vijaya Nagar,60,142 mm
2022,Byyappanahalli,60,142 mm
2022,Basavanagudi,60,142 mm
2022,Herohalli,60,142 mm
2022,Chamarajapete,60,142 mm
2022,Austin Town,60,142 mm
2022,Malleswaram,60,142 mm
2022,Shinganayakanahalli,60,142 mm
2022,Whitefield,60,142 mm
2022,Icchanguru,60,142 mm
2022,Jayanagar,60,142 mm
2022,Shinganayakanahalli,60,142 mm
2022,Shinganayakanahalli,60,142 mm
2022,Marathahalli,60,142 mm
2022,Yeswanthpur,60,142 mm
2022,Yeswanthpur,60,142 mm
2023,Hunasamaranahalli,62,147 mm
2023,Koramangala,62,147 mm
2023,Sahakaranagara,62,147 mm
2023,Hebbal,62,147 mm
2023,Anekal,62,147 mm
2023,Anekal,62,147 mm
2023,Nagavara,62,147 mm
2023,Malleswaram,62,147 mm
2023,Icchanguru,62,147 mm
2023,Shinganayakanahalli,62,147 mm
2023,Austin Town,62,147 mm
2023,Vijaya Nagar,62,147 mm
2023,Mahalakshmi Layout,62,147 mm
2023,Chikkapete,62,147 mm
2023,Jayanagar,62,147 mm
2023,Shinganayakanahalli,62,147 mm
2023,Nagasandra,62,147 mm
2023,Marenahalli,62,147 mm
2023,Chikkapete,62,147 mm
2023,Banashankari,62,147 mm
2023,Banaswadi,62,147 mm
2023,Marenahalli,62,147 mm
2023,Vasanth Nagar,62,147 mm
2023,Chikkapete,62,147 mm
2023,Chikkapete,62,147 mm
2023,Gandhinagar,62,147 mm
2023,Chikkapete,62,147 mm
2023,Richmond Town,62,147 mm
2023,Vasanth Nagar,62,147 mm
2023,Bannerughatta,62,147 mm
2023,Vijaya Nagar,62,147 mm
2023,Basavanagudi,62,147 mm
2023,Chikkapete,62,147 mm
2023,Basaveshwaranagar,62,147 mm
2023,Mahalakshmi Layout,62,147 mm
2023,Haralur,62,147 mm
2023,Frazer Town,62,147 mm
2023,Anekal,62,147 mm
2023,Bettahalasuru,62,147 mm
2023,Rajajinagar,62,147 mm
2023,Byyappanahalli,62,147 mm
2023,Icchanguru,62,147 mm
2023,Byyappanahalli,62,147 mm
2023,Vasanth Nagar,62,147 mm
2023,Vijaya Nagar,62,147 mm
2023,C V Raman Nagar,62,147 mm
2023,Richmond Town,62,147 mm
2023,Shinganayakanahalli,62,147 mm
2023,Chikkapete,62,147 mm
2023,Chamarajapete,62,147 mm
2023,Chamarajapete,62,147 mm
2023,Vijaya Nagar,62,147 mm
2023,Chikkapete,62,147 mm
2023,Vidyaranyapura,62,147 mm
2023,Bettahalasuru,62,147 mm
2023,Uttarahalli,62,147 mm
2023,Puradhapalya,62,147 mm
2023,Puradhapalya,62,147 mm
2023,Vasanth Nagar,62,147 mm
2023,Vijaya Nagar,62,147 mm
2023,Hosamanegalu,62,147 mm
2023,Nagavara,62,147 mm
2023,Krishnarajapuram,62,147 mm
2023,Marenahalli,62,147 mm
2023,Bettahalasuru,62,147 mm
2023,Badamanavarthekaval,62,147 mm
2023,Marathahalli,62,147 mm
2023,Sarjapura,62,147 mm
2023,Ramamurthy Nagar,62,147 mm
2023,Vasanth Nagar,62,147 mm
2023,Electronic City,62,147 mm
2023,Frazer Town,62,147 mm
2023,Sriramapuram,62,147 mm
2023,Banashankari,62,147 mm
2023,Yeswanthpur,62,147 mm
2023,Vijaya Nagar,62,147 mm
2023,Vijaya Nagar,62,147 mm
2023,Jalahalli,62,147 mm
2023,Gunjur,62,147 mm
2023,Jalahalli,62,147 mm
2023,Hebbal,62,147 mm
2023,Halasuru,62,147 mm
2023,Shivajinagar,62,147 mm
2023,HSR Layout,62,147 mm
2023,Vijaya Nagar,62,147 mm
2023,Sarjapura,62,147 mm
2023,Anekal,62,147 mm
2023,Hebbal,62,147 mm
2023,Anekal,62,147 mm
2023,Vasanth Nagar,62,147 mm
2023,Hoodi,62,147 mm
2023,Banaswadi,62,147 mm
2023,Banashankari,62,147 mm
2023,Anekal,62,147 mm
2023,Halasuru,62,147 mm
2023,Bettahalasuru,62,147 mm
2023,RMV 2nd Stage,62,147 mm
2023,Whitefield,62,147 mm
2023,Anekal,62,147 mm
2023,Indiranagar,62,147 mm
2023,Indiranagar,62,147 mm
2023,Rajajinagar,62,147 mm
2023,Banashankari,62,147 mm
2023,RT Nagar,62,147 mm
2023,Shinganayakanahalli,62,147 mm
2023,Jalahalli,62,147 mm
2023,Jalahalli,62,147 mm
2023,Banaswadi,62,147 mm
2023,Jayanagar,62,147 mm
2023,Jayanagar,62,147 mm
2023,Basavanagudi,62,147 mm
2023,Jayanagar,62,147 mm
2023,Frazer Town,62,147 mm
2023,Whitefield,62,147 mm
2023,Anekal,62,147 mm
2023,Basaveshwaranagar,62,147 mm
2023,Gandhinagar,62,147 mm
2023,Malleswaram,62,147 mm
2023,Lingarajapuram,62,147 mm
2023,Puradhapalya,62,147 mm
2023,Hosamanegalu,62,147 mm
2023,Hosamanegalu,62,147 mm
2023,Banaswadi,62,147 mm
2023,Basaveshwaranagar,62,147 mm
2023,Hosamanegalu,62,147 mm
2023,Marenahalli,62,147 mm
2023,Mahalakshmi Layout,62,147 mm
2023,Banashankari,62,147 mm
2023,Rajarajeshwari Nagar,62,147 mm
2023,Koramangala,62,147 mm
2023,Shinganayakanahalli,62,147 mm
2023,Sahakaranagara,62,147 mm
2023,Badamanavarthekaval,62,147 mm
2023,Koramangala,62,147 mm
2023,Koramangala,62,147 mm
2023,Koramangala,62,147 mm
2023,Kyalasanahalli,62,147 mm
2023,Krishnarajapuram,62,147 mm
2023,Ramamurthy Nagar,62,147 mm
2023,Sarjapura,62,147 mm
2023,Chikkelluru Ramapura,62,147 mm
2023,Marathahalli,62,147 mm
2023,Basavanagudi,62,147 mm
2023,Vasanth Nagar,62,147 mm
2023,Lingarajapuram,62,147 mm
2023,Mathikere,62,147 mm
2023,Jayanagar,62,147 mm
2023,Kempapura Agrahara,62,147 mm
2023,Hoodi,62,147 mm
2023,Mahalakshmi Layout,62,147 mm
2023,Vasanth Nagar,62,147 mm
2023,Baiyyappanahalli,62,147 mm
2023,Malleswaram,62,147 mm
2023,Malleswaram,62,147 mm
2023,Baiyyappanahalli,62,147 mm
2023,Marathahalli,62,147 mm
2023,Anekal,62,147 mm
2023,Baiyyappanahalli,62,147 mm
2023,Mathikere,62,147 mm
2023,Basavanagudi,62,147 mm
2023,Icchanguru,62,147 mm
2023,Byyappanahalli,62,147 mm
2023,Hosamanegalu,62,147 mm
2023,Malleswaram,62,147 mm
2023,Mathikere,62,147 mm
2023,Byyappanahalli,62,147 mm
2023,Richmond Town,62,147 mm
2023,Narayanagatta,62,147 mm
2023,Gunjur,62,147 mm
2023,Hosamanegalu,62,147 mm
2023,Nagarabhavi,62,147 mm
2023,Nagasandra,62,147 mm
2023,Nagavara,62,147 mm
2023,Mahalakshmi Layout,62,147 mm
2023,Chikkapete,62,147 mm
2023,Vasanth Nagar,62,147 mm
2023,Rajarajeshwari Nagar,62,147 mm
2023,Icchanguru,62,147 mm
2023,Chikkapete,62,147 mm
2023,Sriramapuram,62,147 mm
2023,RT Nagar,62,147 mm
2023,Jayanagar,62,147 mm
2023,Malleswaram,62,147 mm
2023,Gunjur,62,147 mm
2023,Basavanagudi,62,147 mm
2023,RT Nagar,62,147 mm
2023,RMV 2nd Stage,62,147 mm
2023,Rajajinagar,62,147 mm
2023,Rajajinagar,62,147 mm
2023,Rajajinagar,62,147 mm
2023,Shinganayakanahalli,62,147 mm
2023,Rajarajeshwari Nagar,62,147 mm
2023,Vasanth Nagar,62,147 mm
2023,Sriramapuram,62,147 mm
2023,Whitefield,62,147 mm
2023,Nagavara,62,147 mm
2023,Ramamurthy Nagar,62,147 mm
2023,Marathahalli,62,147 mm
2023,Richmond Town,62,147 mm
2023,Kengeri,62,147 mm
2023,Sadashivanagar,62,147 mm
2023,Sahakaranagara,62,147 mm
2023,Anekal,62,147 mm
2023,Hosamanegalu,62,147 mm
2023,Sarjapura,62,147 mm
2023,Sadashivanagar,62,147 mm
2023,Malleswaram,62,147 mm
2023,Basavanagudi,62,147 mm
2023,Anekal,62,147 mm
2023,Shinganayakanahalli,62,147 mm
2023,Halasuru,62,147 mm
2023,Halasuru,62,147 mm
2023,Chikkapete,62,147 mm
2023,Sriramapuram,62,147 mm
2023,Koramangala,62,147 mm
2023,Lingarajapuram,62,147 mm
2023,Gandhinagar,62,147 mm
2023,Uttarahalli,62,147 mm
2023,Malleswaram,62,147 mm
2023,Bettahalasuru,62,147 mm
2023,Puradhapalya,62,147 mm
2023,Byyappanahalli,62,147 mm
2023,Anekal,62,147 mm
2023,Jayanagar,62,147 mm
2023,RT Nagar,62,147 mm
2023,Anekal,62,147 mm
2023,Gunjur,62,147 mm
2023,Vasanth Nagar,62,147 mm
2023,Malleswaram,62,147 mm
2023,Nagavara,62,147 mm
2023,Vasanth Nagar,62,147 mm
2023,Bettahalasuru,62,147 mm
2023,Vidyaranyapura,62,147 mm
2023,Vijaya Nagar,62,147 mm
2023,Vijaya Nagar,62,147 mm
2023,Byyappanahalli,62,147 mm
2023,Basavanagudi,62,147 mm
2023,Herohalli,62,147 mm
2023,Chamarajapete,62,147 mm
2023,Austin Town,62,147 mm
2023,Malleswaram,62,147 mm
2023,Shinganayakanahalli,62,147 mm
2023,Whitefield,62,147 mm
2023,Icchanguru,62,147 mm
2023,Jayanagar,62,147 mm
2023,Shinganayakanahalli,62,147 mm
2023,Shinganayakanahalli,62,147 mm
2023,Marathahalli,62,147 mm
2023,Yeswanthpur,62,147 mm
2023,Yeswanthpur,62,147 mm
2024,Hunasamaranahalli,65,150 mm
2024,Koramangala,65,150 mm
2024,Sahakaranagara,65,150 mm
2024,Hebbal,65,150 mm
2024,Anekal,65,150 mm
2024,Anekal,65,150 mm
2024,Nagavara,65,150 mm
2024,Malleswaram,65,150 mm
2024,Icchanguru,65,150 mm
2024,Shinganayakanahalli,65,150 mm
2024,Austin Town,65,150 mm
2024,Vijaya Nagar,65,150 mm
2024,Mahalakshmi Layout,65,150 mm
2024,Chikkapete,65,150 mm
2024,Jayanagar,65,150 mm
2024,Shinganayakanahalli,65,150 mm
2024,Nagasandra,65,150 mm
2024,Marenahalli,65,150 mm
2024,Chikkapete,65,150 mm
2024,Banashankari,65,150 mm
2024,Banaswadi,65,150 mm
2024,Marenahalli,65,150 mm
2024,Vasanth Nagar,65,150 mm
2024,Chikkapete,65,150 mm
2024,Chikkapete,65,150 mm
2024,Gandhinagar,65,150 mm
2024,Chikkapete,65,150 mm
2024,Richmond Town,65,150 mm
2024,Vasanth Nagar,65,150 mm
2024,Bannerughatta,65,150 mm
2024,Vijaya Nagar,65,150 mm
2024,Basavanagudi,65,150 mm
2024,Chikkapete,65,150 mm
2024,Basaveshwaranagar,65,150 mm
2024,Mahalakshmi Layout,65,150 mm
2024,Haralur,65,150 mm
2024,Frazer Town,65,150 mm
2024,Anekal,65,150 mm
2024,Bettahalasuru,65,150 mm
2024,Rajajinagar,65,150 mm
2024,Byyappanahalli,65,150 mm
2024,Icchanguru,65,150 mm
2024,Byyappanahalli,65,150 mm
2024,Vasanth Nagar,65,150 mm
2024,Vijaya Nagar,65,150 mm
2024,C V Raman Nagar,65,150 mm
2024,Richmond Town,65,150 mm
2024,Shinganayakanahalli,65,150 mm
2024,Chikkapete,65,150 mm
2024,Chamarajapete,65,150 mm
2024,Chamarajapete,65,150 mm
2024,Vijaya Nagar,65,150 mm
2024,Chikkapete,65,150 mm
2024,Vidyaranyapura,65,150 mm
2024,Bettahalasuru,65,150 mm
2024,Uttarahalli,65,150 mm
2024,Puradhapalya,65,150 mm
2024,Puradhapalya,65,150 mm
2024,Vasanth Nagar,65,150 mm
2024,Vijaya Nagar,65,150 mm
2024,Hosamanegalu,65,150 mm
2024,Nagavara,65,150 mm
2024,Krishnarajapuram,65,150 mm
2024,Marenahalli,65,150 mm
2024,Bettahalasuru,65,150 mm
2024,Badamanavarthekaval,65,150 mm
2024,Marathahalli,65,150 mm
2024,Sarjapura,65,150 mm
2024,Ramamurthy Nagar,65,150 mm
2024,Vasanth Nagar,65,150 mm
2024,Electronic City,65,150 mm
2024,Frazer Town,65,150 mm
2024,Sriramapuram,65,150 mm
2024,Banashankari,65,150 mm
2024,Yeswanthpur,65,150 mm
2024,Vijaya Nagar,65,150 mm
2024,Vijaya Nagar,65,150 mm
2024,Jalahalli,65,150 mm
2024,Gunjur,65,150 mm
2024,Jalahalli,65,150 mm
2024,Hebbal,65,150 mm
2024,Halasuru,65,150 mm
2024,Shivajinagar,65,150 mm
2024,HSR Layout,65,150 mm
2024,Vijaya Nagar,65,150 mm
2024,Sarjapura,65,150 mm
2024,Anekal,65,150 mm
2024,Hebbal,65,150 mm
2024,Anekal,65,150 mm
2024,Vasanth Nagar,65,150 mm
2024,Hoodi,65,150 mm
2024,Banaswadi,65,150 mm
2024,Banashankari,65,150 mm
2024,Anekal,65,150 mm
2024,Halasuru,65,150 mm
2024,Bettahalasuru,65,150 mm
2024,RMV 2nd Stage,65,150 mm
2024,Whitefield,65,150 mm
2024,Anekal,65,150 mm
2024,Indiranagar,65,150 mm
2024,Indiranagar,65,150 mm
2024,Rajajinagar,65,150 mm
2024,Banashankari,65,150 mm
2024,RT Nagar,65,150 mm
2024,Shinganayakanahalli,65,150 mm
2024,Jalahalli,65,150 mm
2024,Jalahalli,65,150 mm
2024,Banaswadi,65,150 mm
2024,Jayanagar,65,150 mm
2024,Jayanagar,65,150 mm
2024,Basavanagudi,65,150 mm
2024,Jayanagar,65,150 mm
2024,Frazer Town,65,150 mm
2024,Whitefield,65,150 mm
2024,Anekal,65,150 mm
2024,Basaveshwaranagar,65,150 mm
2024,Gandhinagar,65,150 mm
2024,Malleswaram,65,150 mm
2024,Lingarajapuram,65,150 mm
2024,Puradhapalya,65,150 mm
2024,Hosamanegalu,65,150 mm
2024,Hosamanegalu,65,150 mm
2024,Banaswadi,65,150 mm
2024,Basaveshwaranagar,65,150 mm
2024,Hosamanegalu,65,150 mm
2024,Marenahalli,65,150 mm
2024,Mahalakshmi Layout,65,150 mm
2024,Banashankari,65,150 mm
2024,Rajarajeshwari Nagar,65,150 mm
2024,Koramangala,65,150 mm
2024,Shinganayakanahalli,65,150 mm
2024,Sahakaranagara,65,150 mm
2024,Badamanavarthekaval,65,150 mm
2024,Koramangala,65,150 mm
2024,Koramangala,65,150 mm
2024,Koramangala,65,150 mm
2024,Kyalasanahalli,65,150 mm
2024,Krishnarajapuram,65,150 mm
2024,Ramamurthy Nagar,65,150 mm
2024,Sarjapura,65,150 mm
2024,Chikkelluru Ramapura,65,150 mm
2024,Marathahalli,65,150 mm
2024,Basavanagudi,65,150 mm
2024,Vasanth Nagar,65,150 mm
2024,Lingarajapuram,65,150 mm
2024,Mathikere,65,150 mm
2024,Jayanagar,65,150 mm
2024,Kempapura Agrahara,65,150 mm
2024,Hoodi,65,150 mm
2024,Mahalakshmi Layout,65,150 mm
2024,Vasanth Nagar,65,150 mm
2024,Baiyyappanahalli,65,150 mm
2024,Malleswaram,65,150 mm
2024,Malleswaram,65,150 mm
2024,Baiyyappanahalli,65,150 mm
2024,Marathahalli,65,150 mm
2024,Anekal,65,150 mm
2024,Baiyyappanahalli,65,150 mm
2024,Mathikere,65,150 mm
2024,Basavanagudi,65,150 mm
2024,Icchanguru,65,150 mm
2024,Byyappanahalli,65,150 mm
2024,Hosamanegalu,65,150 mm
2024,Malleswaram,65,150 mm
2024,Mathikere,65,150 mm
2024,Byyappanahalli,65,150 mm
2024,Richmond Town,65,150 mm
2024,Narayanagatta,65,150 mm
2024,Gunjur,65,150 mm
2024,Hosamanegalu,65,150 mm
2024,Nagarabhavi,65,150 mm
2024,Nagasandra,65,150 mm
2024,Nagavara,65,150 mm
2024,Mahalakshmi Layout,65,150 mm
2024,Chikkapete,65,150 mm
2024,Vasanth Nagar,65,150 mm
2024,Rajarajeshwari Nagar,65,150 mm
2024,Icchanguru,65,150 mm
2024,Chikkapete,65,150 mm
2024,Sriramapuram,65,150 mm
2024,RT Nagar,65,150 mm
2024,Jayanagar,65,150 mm
2024,Malleswaram,65,150 mm
2024,Gunjur,65,150 mm
2024,Basavanagudi,65,150 mm
2024,RT Nagar,65,150 mm
2024,RMV 2nd Stage,65,150 mm
2024,Rajajinagar,65,150 mm
2024,Rajajinagar,65,150 mm
2024,Rajajinagar,65,150 mm
2024,Shinganayakanahalli,65,150 mm
2024,Rajarajeshwari Nagar,65,150 mm
2024,Vasanth Nagar,65,150 mm
2024,Sriramapuram,65,150 mm
2024,Whitefield,65,150 mm
2024,Nagavara,65,150 mm
2024,Ramamurthy Nagar,65,150 mm
2024,Marathahalli,65,150 mm
2024,Richmond Town,65,150 mm
2024,Kengeri,65,150 mm
2024,Sadashivanagar,65,150 mm
2024,Sahakaranagara,65,150 mm
2024,Anekal,65,150 mm
2024,Hosamanegalu,65,150 mm
2024,Sarjapura,65,150 mm
2024,Sadashivanagar,65,150 mm
2024,Malleswaram,65,150 mm
2024,Basavanagudi,65,150 mm
2024,Anekal,65,150 mm
2024,Shinganayakanahalli,65,150 mm
2024,Halasuru,65,150 mm
2024,Halasuru,65,150 mm
2024,Chikkapete,65,150 mm
2024,Sriramapuram,65,150 mm
2024,Koramangala,65,150 mm
2024,Lingarajapuram,65,150 mm
2024,Gandhinagar,65,150 mm
2024,Uttarahalli,65,150 mm
2024,Malleswaram,65,150 mm
2024,Bettahalasuru,65,150 mm
2024,Puradhapalya,65,150 mm
2024,Byyappanahalli,65,150 mm
2024,Anekal,65,150 mm
2024,Jayanagar,65,150 mm
2024,RT Nagar,65,150 mm
2024,Anekal,65,150 mm
2024,Gunjur,65,150 mm
2024,Vasanth Nagar,65,150 mm
2024,Malleswaram,65,150 mm
2024,Nagavara,65,150 mm
2024,Vasanth Nagar,65,150 mm
2024,Bettahalasuru,65,150 mm
2024,Vidyaranyapura,65,150 mm
2024,Vijaya Nagar,65,150 mm
2024,Vijaya Nagar,65,150 mm
2024,Byyappanahalli,65,150 mm
2024,Basavanagudi,65,150 mm
2024,Herohalli,65,150 mm
2024,Chamarajapete,65,150 mm
2024,Austin Town,65,150 mm
2024,Malleswaram,65,150 mm
2024,Shinganayakanahalli,65,150 mm
2024,Whitefield,65,150 mm
2024,Icchanguru,65,150 mm
2024,Jayanagar,65,150 mm
2024,Shinganayakanahalli,65,150 mm
2024,Shinganayakanahalli,65,150 mm
2024,Marathahalli,65,150 mm
2024,Yeswanthpur,65,150 mm
2024,Yeswanthpur,65,150 mm
